Feature_1,Feature_2,Feature_3,Feature_4,Feature_5,Categorical
0.354343170052969,0.6531481736997846,0.12833503548645864,0.20226926759041175,0.6209930250519524,A
0.9595657049583018,0.36208729968154474,0.8337435008751273,0.24032237422892688,0.022850580533067988,C
0.38677682775851463,0.3456136036720372,0.9396112148634965,0.4448912581402277,0.6949220806457905,B
0.01884413038879751,0.8015926602540762,0.5851283479636086,0.895769668025286,0.29843086813403563,C
0.940783360369757,0.46511810591844993,0.605543189782713,0.4404314030229989,0.28330202869538057,A
0.3614627537559898,0.031086974377427357,0.12923094095497545,0.40743775189011766,0.3641118474657248,B
0.4310990232041504,0.4991920200978368,0.6098707575515114,0.269294744995062,0.14240245623071268,B
0.2781336303978027,0.8345919209767317,0.4416645712945637,0.9880101565753351,0.4626792761014572,B
0.16716789827551826,0.7342563164405183,0.9090297169039799,0.818394393867075,0.30840592962646496,B
0.8470459239917513,0.25123203164741703,0.981783549144541,0.3240467370095258,5.574711805622634e-06,B
0.014955850686317107,0.6393736257591351,0.5783692362526446,0.425952526096666,0.7645416676790384,A
0.7450085731107488,0.5927547141111191,0.17836080906702545,0.46935390087708795,0.1291799107327053,B
0.7231033116085364,0.7515131166228826,0.24040416671037723,0.14533748458441698,0.6642299608626716,B
0.3904853534865096,0.795954701057858,0.8742070957446736,0.38634397794911735,0.5750570777016545,A
0.5501233693348119,0.40709535578384526,0.9951912506655639,0.6108448274098025,0.10084335629454211,B
0.36435835048568765,0.31955763478818233,0.5693203612315269,0.8091641210110466,0.1974819183216957,B
0.5177070506991654,0.14591027178016436,0.6591096383620181,0.918330805741262,0.5445808396097566,B
0.23208943364965195,0.7730808181604836,0.5291373764912006,0.007786490538085444,0.7010635364044597,C
0.8772762863222268,0.13874096249512335,0.09180759314051057,0.8298373522409489,0.1315863489669098,B
0.11393006505318448,0.687449399581106,0.6120460706724175,0.5267988792538592,0.23176207513368507,B
0.13581971248672464,0.9263518284712349,0.9698972067134843,0.8379188598640298,0.33167167039553846,C
0.5351727752430722,0.5863283785667553,0.6433529895044812,0.04322462039590036,0.6510432976301384,A
0.20657846306524508,0.1902356435567295,0.015353184016866361,0.5665224144726312,0.11028453970301,B
0.07656161432152342,0.4068800147424856,0.35649698138799313,0.6967298297366773,0.30956884057332423,C
0.4314283175615805,0.12202607512759911,0.059622597780857434,0.8851358675535186,0.3856509013256063,C
0.018079512967665745,0.8310664132676668,0.7290162952920856,0.6301339811157465,0.41728897004991095,B
0.9536059513399024,0.1285189616982284,0.9737759528604326,0.9281692171583865,0.027509524317257616,A
0.1508804668290855,0.47853398989343987,0.6019398006635575,0.04700485243763364,0.08347348857515302,C
0.9356461246989468,0.889385483072296,0.02809910364430268,0.7389791860977017,0.8124692139230658,C
0.9097793063370873,0.193010875442584,0.34814913522172863,0.30044872720529336,0.8724476224158882,A
0.8214475012551977,0.849279615682644,0.2718628082548048,0.717950487433946,0.44067729014564416,A
0.2863370904569714,0.6035719738166273,0.7702117684708136,0.8778801289926844,0.20057639066983668,A
0.39863513377770277,0.1253761988493548,0.07417482702398837,0.5050492219790507,0.22893816372148834,A
0.36419547144988074,0.8240735622392528,0.3468891229929211,0.6696908375563008,0.86263045621828,A
0.04933306311667274,0.16552226385595958,0.21396242029816015,0.4697437900721375,0.050258919445085315,B
0.1568703847120526,0.8853132087029475,0.9008894648593215,0.8538521052130283,0.1765913071906825,C
0.6061447523407448,0.8254081645128973,0.9379226867918746,0.5410971810603695,0.8876079546559443,A
0.01864150952093202,0.90585929538129,0.09087379513209182,0.2193783190284041,0.12122548132686517,B
0.6981274461327202,0.4359198326985254,0.8996927628402479,0.5156344079760814,0.7192308374902772,C
0.727799164332718,0.3699952526309249,0.2722426990127401,0.09703256620472267,0.2253117225119905,C
0.9838526109040486,0.3639745442244047,0.037384397870918074,0.23042209655852275,0.2257289976260467,A
0.23851348297064623,0.013804030929472688,0.6719447816738547,0.15253061951001556,0.9495125529946199,B
0.30684237511673496,0.59542189951552,0.44690861910648283,0.25572904431472476,0.5963670487960112,B
0.9320059731601111,0.7405081570196685,0.6487916309276996,0.2275308209789597,0.8943012643162315,C
0.17001078127989977,0.3813107958880465,0.10040836031802303,0.8953650626872147,0.7650213309513021,B
0.08963691969993848,0.5577942872232335,0.5453613755647343,0.8242848252845564,0.8021202628783097,B
0.9617130382429105,0.18581527855187707,0.683774565675353,0.055978824395302884,0.8335716568248451,B
0.869009292542624,0.27752298604526293,0.9881035989304873,0.44412590047016653,0.6694773759899564,B
0.6331199678688492,0.24029907946828,0.15927901953619716,0.47061868758414205,0.9368183142421217,C
0.7731856197078254,0.017880058326511628,0.608414279933138,0.9110523464499855,0.9096735192917021,C
0.3327607307439967,0.14572690424558643,0.6225300534746195,0.32752239741257694,0.14791097566398115,A
0.6563525706268258,0.6363108594759985,0.42508708476224477,0.69262027592024,0.9484976517420293,B
0.15328747947783028,0.7326521078832203,0.18092922079643559,0.12325323253314036,0.4905845946771433,C
0.3159202350884288,0.22714581314591453,0.6820466805592855,0.6165787714730397,0.02303620137188389,B
0.51141519725673,0.4907714669722608,0.7456728757410863,0.5536527049317036,0.856760893557836,A
0.8936368467410041,0.35380829000202696,0.862149507953837,0.3431419658281777,0.7756515512567553,C
0.9486759607402738,0.6493382143816443,0.3316482859561727,0.5771060485306515,0.8263853938730722,C
0.2824762113259839,0.3623626909265125,0.9200608143934063,0.27935582163739314,0.6040299378984664,B
0.4101086742284338,0.8777291975707457,0.9390969839210356,0.5162248847315095,0.9755287036084476,B
0.2807124818694726,0.4603423305899641,0.32306249353300764,0.3140373464038815,0.3555932651519291,A
0.08216202062699596,0.16318143673874763,0.6098096127793035,0.567723851115049,0.2446870250092169,A
0.2932152548600063,0.4334582129484176,0.6915796046760374,0.00425682478633671,0.6090556345671255,B
0.700817616374985,0.215978773837755,0.6621438064758599,0.566095923379133,0.6484688778295875,B
0.49159516178075335,0.5858963618419275,0.6185199860572334,0.0925664216716291,0.510353319831989,A
0.2832721579988463,0.3224421099751258,0.717058886067025,0.7583710003628047,0.9995181892855398,A
0.5600032275824585,0.7015236604255027,0.12602532141703915,0.4647302862266578,0.6399905508714816,B
0.46325024432801776,0.48434693821471553,0.42206539696920353,0.01060131962699995,0.4760293563102129,A
0.4063547548353055,0.3784313922050805,0.4915995886594495,0.5931276452159324,0.2372139087047862,A
0.892781205141643,0.9348813848742072,0.3731617599048831,0.017278565839915383,0.13190967776101403,A
0.42657213696995167,0.8604691008359183,0.7772793484874162,0.03917797618279162,0.09359275017214508,B
0.025633075511250825,0.8532586645007599,0.3713453442182749,0.30589380615520834,0.10664946734089997,C
0.8807031586554888,0.4416653869282584,0.6940903117973538,0.8751520858526969,0.9651732025415004,A
0.3661581056409864,0.564099601673904,0.08149325212857639,0.9255301486778068,0.3004354237892939,C
0.23928278501413103,0.9140357362539351,0.5711272548794397,0.0593794113300663,0.6276283516542394,A
0.22282799715117685,0.9425499137024814,0.19409277462675112,0.3624756768998646,0.2894584455049197,B
0.5446380902917846,0.9743315776133017,0.07390784722776111,0.29430979344578023,0.631670380846067,B
0.18392149318161444,0.007617746195693886,0.7215911673732553,0.023874836651338494,0.5946631511456845,C
0.27259171298183205,0.396872468658241,0.7100256308994752,0.4732665988508593,0.18923518778293413,A
0.7367022258895468,0.6379516257008089,0.41673228665279427,0.9970661855176218,0.9884592145665614,A
0.4680450527893325,0.895021731893281,0.7951985689710004,0.026343378526330286,0.9996460776684782,A
0.03925847547899697,0.038504332351297355,0.5849049523816838,0.5157785105069942,0.5242312424932446,C
0.4226039997931048,0.5838308542764717,0.2693068861371336,0.2597151790415001,0.19493229214658037,C
0.21457848407651392,0.7638973904193592,0.7378183417305062,0.5025094457763358,0.021398848814630833,B
0.6166915107818789,0.7579882961749177,0.5447410491634721,0.61736109384889,0.2867767269215492,C
0.4019049036610828,0.23834787750739683,0.2185140464974552,0.04665714130038745,0.0776407037798601,A
0.5276068880279198,0.24894303508578652,0.5335613822730697,0.6126944693453935,0.8261334597532157,C
0.7507447920395871,0.18664056058877332,0.46597014592170105,0.35666571857573703,0.022883477650134876,A
0.8267072112720505,0.6032141928136666,0.3037587670563223,0.9711600887955555,0.08419470730647449,A
0.527531314112006,0.4906891846114073,0.9462649121073707,0.8729846043111582,0.7229270457806044,A
0.17756881117454304,0.4115769724530215,0.056754197172752874,0.9323208241725541,0.33410691030872786,C
0.5166392280713936,0.5533471215330097,0.7365205863363326,0.5746529564702401,0.42563359033823667,C
0.4564607825939767,0.41294171280429626,0.08818278804799984,0.6932820845799459,0.5167413941433714,A
0.3660710920045148,0.7196199430982598,0.6071169523760466,0.7014795785046697,0.1680857023343757,B
0.5703348722575547,0.43341951960282266,0.8596107816350753,0.6947054584616722,0.707219155149495,A
0.09294122886103551,0.009310715253557755,0.7604501013487005,0.959323909494577,0.8668192953128829,C
0.7597456906603489,0.8578428789293432,0.6341428761277919,0.6453764792355609,0.0873089848440981,A
0.7131026948275343,0.13141118564633625,0.12710232574165348,0.06320955038887299,0.6744320184266255,B
0.23139353854999423,0.10229003019748661,0.014677063588602213,0.7732185001634383,0.6626476062180602,B
0.6674076598939842,0.8123544703239857,0.06768356968173406,0.4015324290385467,0.11858802457803197,B
0.6334252674352139,0.7743136317928975,0.3462622944642608,0.6007859050440167,0.6488837757644587,C
0.7937850967514273,0.4258421808234377,0.8153415134097846,0.8347586482314546,0.4087149652628438,C
0.33212784003482787,0.8378675735150869,0.7125699376324737,0.9079482453817539,0.25066572222926986,C
0.4943065081774223,0.011331442238333489,0.05484330148663297,0.6284032815835944,0.05190554549327964,B
0.4344217183541802,0.5840198788283607,0.3246291332665324,0.08906511772468295,0.7318817961158748,B
0.04186270833664907,0.22289584561605402,0.17354445441860167,0.8218267856647279,0.10042673011606051,B
0.6739832079170416,0.780205329094962,0.8746372968544804,0.7155198764999243,0.15743829970169365,B
0.5424148343205899,0.7609928850762487,0.7314755042816116,0.5942177259009661,0.5938563626950896,A
0.9521491288961296,0.8259545734119486,0.045544517357968495,0.4381970090022578,0.2109838983132586,B
0.7202983857334823,0.22479938979905145,0.6650441914503422,0.030644979292329788,0.1300356529849631,A
0.3872315304525281,0.9765864921345528,0.596326839623828,0.13502722828604774,0.9718240451684317,C
0.48582135043606034,0.21736413764095608,0.5578805104431602,0.8908024585072275,0.8464228575085688,B
0.9631773917251432,0.8446659245622901,0.5975239070419707,0.04266496636623229,0.38456125805956354,B
0.8128238662315008,0.6002168855539015,0.2934105926763103,0.8333639334549274,0.8949082016432247,C
0.17631603945262364,0.39273815524447364,0.21222866660751882,0.8347720855302935,0.6428786003830482,B
0.9827022335896434,0.8895077549892715,0.8547624956653818,0.09452022154496031,0.9019968886263653,B
0.5977415170903588,0.9046506750018786,0.23302457942764654,0.9402095784753617,0.8019729167517948,B
0.3434489554290795,0.6654346315126909,0.2566811873890953,0.3099791120240103,0.94646991829803,B
0.466290978369853,0.35153714321980745,0.540410942066796,0.6624391601214057,0.7991506938971263,B
0.2913695242023676,0.5561118778954096,0.9333101962983285,0.4695153316411287,0.08334334246120134,C
0.9295600110130928,0.6943648846447207,0.5569204985790317,0.010982578491217532,0.549170311781843,B
0.9370930973517207,0.9103446861648029,0.014449013004292799,0.355375312988075,0.3116624539686349,A
0.13434575612825672,0.798141524377628,0.556234667651535,0.8441410563041666,0.37962899639922854,C
0.9816939866755333,0.8856733534057095,0.08602183331627511,0.7599168587568865,0.11915588984490044,C
0.44170731646500294,0.5591844425272411,0.9955930281184288,0.36040359616387896,0.5306114197655067,B
0.7183850148883325,0.3420845533689655,0.6279131284484034,0.953848413785556,0.919536719728051,C
0.787401637656073,0.3596387741980357,0.9402532231980568,0.6276860686837339,0.476116282067893,C
0.6155551370430661,0.7244320061771009,0.8463382058818503,0.055544711087437415,0.7587615253085894,B
0.4299337079446741,0.26100168755499786,0.8909676565442138,0.8844145060554981,0.09066823007078784,B
0.31560403738031007,0.3266819933267435,0.3006424664500019,0.8447894153158858,0.6705742826362556,B
0.9252980123782247,0.24883091768178123,0.93389964082623,0.9524781843264387,0.6381215033986671,B
0.06920895214926615,0.7441457071456643,0.17687394167952653,0.676272360620565,0.9225645705774053,A
0.007483904608715841,0.2354925343620492,0.12523249544732895,0.412670784011121,0.7328415738160413,C
0.05111704983245946,0.057104781071291244,0.2383443168931787,0.785534579909034,0.7750446480029266,A
0.21513858394104857,0.15854039084669924,0.8286726253049017,0.5669666486325585,0.8486566714194222,A
0.29121117830466925,0.1684365866872568,0.7046554497286268,0.36597549995170475,0.3925982811382398,B
0.10419378386044431,0.22070465160467978,0.24022455451238267,0.5187469046376516,0.852716834181372,A
0.2463421862211419,0.47820219233047123,0.7464230692568973,0.14591258105368998,0.532425941008911,C
0.6566080233660135,0.936628115299506,0.553920764904002,0.5774556635550584,0.8092152454585315,A
0.2891858884595334,0.4915114498402612,0.25102566697290074,0.227919305246302,0.5384046639447355,C
0.44943215260138325,0.03886676516426468,0.32786703350886526,0.5675913859497583,0.06150902649662915,A
0.5007857067662538,0.6370367831370063,0.8679565373380117,0.6910370178204432,0.2898944622191919,C
0.9543111060960916,0.9640560363027912,0.6062866424964858,0.5972384723962364,0.9449554025997317,C
0.6737529820421272,0.6867043058942781,0.48399624414078724,0.7846239211291969,0.5769500392364464,C
0.7496428685446427,0.5828822215447153,0.0461117632754009,0.9715630494286832,0.7400739756508505,A
0.5461798893397097,0.1821217711144414,0.4929188224520543,0.6973786920047218,0.8573238439589411,A
0.3858258587918594,0.03824590867055955,0.4014161188332964,0.8693254067862489,0.3438665228558696,C
0.8145491326498918,0.6356638142172986,0.3918858886286253,0.9701799801269398,0.7818330120071768,C
0.627827774247615,0.9890324090585598,0.21988910719570076,0.12009333855378046,0.3429737163420826,B
0.14202070744028983,0.6073398790298464,0.9892284939259798,0.22371864393792318,0.7817660065292208,B
0.06271322661467571,0.3677475311353612,0.07061904550336828,0.5615485995418545,0.7881196215409859,A
0.42434564564884836,0.1008045646357556,0.91585102593756,0.827327020751874,0.2429312342730393,B
0.07894435688904355,0.22929589225507552,0.033526549099520575,0.22492988728741303,0.527919033879026,C
0.8942112295767474,0.4277864552526879,0.5646540518313807,0.3926964437621028,0.1255333692699313,A
0.6770090081712173,0.08876333179781937,0.6733520932356564,0.6484386159321323,0.5172477626492863,B
0.6056311229052991,0.6938666699103881,0.08601975784765015,0.9157426337500233,0.37675523755020146,B
0.707514697578055,0.6280911485484045,0.3938452448637394,0.13978540642474346,0.6713659681431129,C
0.5040179634168722,0.43042566091968615,0.9880670191704395,0.9321389155878943,0.10371165668252158,C
0.21671398970047173,0.5297480117727119,0.1238815707476898,0.5368332921176242,0.4077027402089659,A
0.038614219286535856,0.12744874712876353,0.13033384129064907,0.3379854773869454,0.5956464278160867,C
0.7456033363809527,0.8479227289874931,0.8296270899422111,0.09992649754708505,0.27371445998571553,C
0.33689529051088174,0.10532309833109277,0.07186118800713703,0.027603183456836433,0.31815342571379257,C
0.8840244197085004,0.5711905626165155,0.49564027724903414,0.12296567691238702,0.07430352598707535,A
0.6467036333567102,0.4131006870773525,0.6104938522848422,0.23452831803527585,0.33332055165326147,A
0.9772767646213703,0.41497301266118247,0.1360130328380007,0.896806529857472,0.3027350776198371,C
0.9125243327559153,0.1955973738138408,0.5971973180737585,0.8285193641999148,0.8074044589984667,B
0.5335568792730457,0.41625976399961295,0.3620662699104329,0.9523325622493939,0.7704449690618546,C
0.6139587906323256,0.060871290946007295,0.2457194204159685,0.7455642999490847,0.4220109912348846,B
0.43933794947135385,0.43799345200849027,0.17021586838264424,0.6323553397812808,0.6065150553998261,A
0.7334096864315208,0.6397201214673266,0.5114204758605697,0.8181085010091589,0.884649178284325,B
0.748238100006368,0.7855120856808028,0.5783394763152561,0.9636761168711803,0.9747371025987854,C
0.6190927597469544,0.7275441116922319,0.7804345126838147,0.8827829460360229,0.4338895217199037,C
0.757444418598999,0.04454388877183224,0.026002854270802178,0.04146324068726015,0.7897757531314935,A
0.8610124370978723,0.9227738595262729,0.7208658567672476,0.25108734768748453,0.5517152760498262,B
0.6602830842236884,0.4275055628045378,0.1395554128326134,0.7101413205138833,0.7353057141223522,B
0.20291026075517404,0.011330236823340667,0.8804908604363754,0.9882803251199961,0.9913757234687292,B
0.4636518959363458,0.08438107627058089,0.05459934067352601,0.44581308836214895,0.4856691409585173,A
0.9566120692780776,0.7731829011639484,0.1375522519975516,0.06789154322791013,0.3686898845619654,A
0.23809841115538288,0.8573941809264415,0.8899507423909953,0.774529303259156,0.7671222608161331,C
0.3506164966111768,0.8739167963611606,0.7447474264213972,0.1781820615096944,0.8894575767305575,C
0.08680011651664488,0.572076194781561,0.4689473013081794,0.99662072553952,0.7211585283095667,C
0.20432196292279592,0.3708845738586005,0.22024447312439088,0.3297326178822543,0.0014311386316430141,A
0.1315167349548133,0.4657633547423151,0.988109933147806,0.4050885810120123,0.4988306301957024,A
0.6998888403035356,0.05427187841456427,0.3124990466904236,0.39897312471754587,0.09196508186918861,B
0.8800324635124642,0.6269479520678235,0.13239301612148913,0.7253934521534302,0.7949893984972183,A
0.12994228574862698,0.018737269957498026,0.8838668746430298,0.0840352643768929,0.7339056480489408,B
0.34699338950740244,0.7648576581161101,0.3480677107441591,0.01210654681821366,0.5081550611771016,C
0.47169705283254826,0.6407167852127714,0.2662667724726909,0.48893666511850775,0.3097183843263571,A
0.004957960730465727,0.2506416464476878,0.7368701342125662,0.1091533318202137,0.2177078040395115,A
0.716042655515977,0.44030930242384925,0.4352648662276125,0.6526020401690085,0.8712644093559835,B
0.7581300657643294,0.2957038703537175,0.7256151771067614,0.9601510067245825,0.32982966822162463,B
0.5509285344003125,0.431293967357966,0.5056576767585693,0.37666028945373353,0.7438139255809153,B
0.44359531173897593,0.6192433584262871,0.12689518628923724,0.36411344639095355,0.7555531836302044,C
0.3432126982200773,0.009645097328178531,0.517654429302921,0.06425264647059215,0.4905239337696564,B
0.12399857836215078,0.8316881230205675,0.16600044495545319,0.5667933656737267,0.23186914045588425,B
0.2611047820025184,0.14934631729531067,0.8790853843896227,0.24281026508719217,0.09208485522313381,B
0.677873810465578,0.06726526635266272,0.7713632186989602,0.9353299326110598,0.2641097618091832,C
0.9191637119624955,0.704062995005259,0.8360354684878621,0.15150833817875375,0.9024793302914433,B
0.7440919716518559,0.7044073699723347,0.511460112891955,0.23678604031153483,0.6506373805451375,A
0.621840743068217,0.2829729971073862,0.8129411305450229,0.4125198405083087,0.8637676297601793,C
0.09496139633271938,0.5703557783934976,0.9805543952111729,0.6233161283962201,0.5007422703470253,B
0.5382034507846623,0.05227245924283919,0.18486856141022223,0.3871944069499955,0.4254804995977123,B
0.29946442216680214,0.06644280514760148,0.5580044337047154,0.3460275870070024,0.6724268881588659,B
0.5171847270726188,0.21685776555583203,0.026553944713445077,0.4792573846109329,0.3773050243959055,B
0.1553631465056441,0.9409018506798378,0.29188081826733425,0.6521217881025475,0.8714022860739221,C
0.37749359532191806,0.4798808068674867,0.18034815349030742,0.9959798099590849,0.17129910298580775,C
0.8244346126565716,0.9728674111104361,0.37405171646996827,0.2833373775926402,0.13597544944636775,B
0.14695916366216388,0.7950333626029247,0.6371937627348879,0.4474614523534446,0.020289575560879958,A
0.937777400777847,0.37386804612916236,0.3131631782728672,0.801388443366064,0.0018921934891055203,B
0.3653540304972147,0.4573545708249651,0.8313835635074581,0.6169058888773311,0.9827341201753849,A
0.18338097220017135,0.7472198981839164,0.3171013786592617,0.49320082656082376,0.6495910037611761,C
0.3217160530972928,0.22294362892344588,0.20806538490067183,0.2906435387348858,0.6665448379264975,B
0.08933660917683228,0.07845850939309962,0.7011148076271125,0.07479177246931046,0.8134695560297928,A
0.39112022809259217,0.02556355545801814,0.07517371275455809,0.9832212493152012,0.40455204103927656,B
0.3564982983086208,0.980513084184353,0.17619562198979077,0.9642360620575975,0.41956774970736954,B
0.6930101395928366,0.5255200301293981,0.03667010749924693,0.09039284839340145,0.8220066417451476,A
0.12562753059145726,0.6197935334572028,0.6337015440738488,0.950205526606711,0.49864995166582005,C
0.04853767779728935,0.5319772364188269,0.3784610681448619,0.7984384680726366,0.25225501788656235,A
0.6579654496257001,0.9695803963888462,0.04436596837961648,0.04276761020730624,0.8602377834961983,A
0.49540751126822813,0.1526300778401396,0.8833974624481014,0.7972273227535844,0.8920714392837811,A
0.7957913688048714,0.8474035152813545,0.9215039317103088,0.09905894639162105,0.5492234510700305,A
0.19849806440148376,0.4429275057054787,0.9118215463187662,0.5118330868768419,0.5480734162514251,B
0.8168794545888516,0.9669573733034127,0.5480838880069421,0.5165137328465208,0.8732342444021304,A
0.29377633176946216,0.9112341940672082,0.9006872243313959,0.40270404291834316,0.9665527521465764,B
0.8553301484707911,0.7818706402175021,0.460695425592227,0.42592834877774166,0.49714606858789445,B
0.5698600249903153,0.8086007448475753,0.7894352434730032,0.8702455964821291,0.8664729219395274,B
0.33326915515788613,0.8674793344322662,0.4815729840449151,0.17419148162880715,0.9598009698310959,A
0.017493838307764298,0.6919663630333457,0.445388501833209,0.748970615812325,0.027355844983509625,B
0.3560976044186207,0.690744673037841,0.31136566646978914,0.40145512852275267,0.33858788119694994,B
0.6102104377144902,0.040888303003169035,0.04058216823230609,0.17111955951153102,0.5944111607467583,C
0.7204503685442571,0.07939619614640692,0.9252195492968414,0.30085237992087466,0.4892468612919256,C
0.9183451615855412,0.16050423650998324,0.2094555649597819,0.3135891372875538,0.01781036212278786,C
0.9597150482598352,0.7408873926521521,0.667686088306307,0.5410205108759478,0.776859992610306,B
0.07557473422222805,0.479420648240384,0.8093233150059786,0.0008523865466387726,0.7702419264797068,B
0.29205303008712025,0.8711934466809542,0.19848937822803814,0.2435094552590521,0.8563774851661309,B
0.3909449518323428,0.14512647762305808,0.7255364033659769,0.4702617918742126,0.15720934830619715,B
0.6610851619881576,0.7626491766291082,0.9928244776649436,0.6103031550990429,0.7238399904344573,A
0.24791396668490928,0.6523324237839142,0.5420066552679794,0.5628658751811166,0.6542309304646673,C
0.7653352972781765,0.8503632192501378,0.032058483984115815,0.24215071429178714,0.20653864126945398,A
0.4944668917357299,0.4749987191128301,0.5547304277125104,0.7970812877496077,0.14284353004957662,A
0.30772821088201574,0.7560683762237917,0.32677229281413234,0.26306417552961114,0.834880487209538,B
0.05799987772608306,0.7788823314670965,0.582495284059892,0.4389385322365026,0.6890483791495164,B
0.24391945895699485,0.7267667895529221,0.48669838430467605,0.5574129180913175,0.17717807707903555,C
0.577318714112319,0.02717099052915517,0.16300553630406345,0.9106839967526782,0.8456351446599425,C
0.4441919886911777,0.3691025156924622,0.8553023090700225,0.7218500672387815,0.0884818021145457,C
0.5419821140934081,0.5482997254572475,0.7093292648600277,0.02661507863531465,0.9566615100621529,C
0.33159919022641227,0.16804866855007483,0.017403092788150665,0.774643137553114,0.7089990872143321,A
0.7728662453003882,0.27226246505471097,0.7169315402803895,0.53857839842287,0.48491746555999415,B
0.5980579355439536,0.7463158854089301,0.07863406237980664,0.03782665876905089,0.09008514226270747,B
0.03329530626015231,0.3483554636031674,0.7690620984507478,0.680502413670024,0.37435971003591195,B
0.7997250440740019,0.6415366202639933,0.19135789757426136,0.7038357441853312,0.2286583423803662,A
0.12528155745144076,0.3988203960224346,0.7640077592353021,0.7968761617790675,0.7505207389882742,B
0.5348183999185429,0.3636785430837489,0.6236178568778256,0.11514878260807582,0.3474060233863693,A
0.7896346732224858,0.8607553672518798,0.3078323060307985,0.6553678927757717,0.5979881512111243,A
0.6527478034485148,0.7442586873591066,0.986813696457294,0.30650309646266516,0.6650142110420835,C
0.6229334856981606,0.896924506176345,0.056879213082303814,0.505785483643432,0.10954421488214261,B
0.7775873651698431,0.1632763985083584,0.6998875754773399,0.5599089447967058,0.3381696598998849,A
0.7953407176911685,0.22016519962107928,0.13580690189511846,0.47431333581329327,0.3158714795482638,A
0.42742553847660747,0.7426892544453116,0.9605227446012872,0.1908729182914889,0.1649706424156403,C
0.07675880285476178,0.06670848447275102,0.16570063656905976,0.3396555409334795,0.9568546542762257,A
0.3145038372281498,0.683213945507832,0.9647762360590486,0.6446101765050866,0.6872918155568213,C
0.5866747473189933,0.2583588776535176,0.9415420906618177,0.2933719911616415,0.03540667753895188,A
0.9898005247011304,0.1845701041544897,0.21756303404300692,0.5767549442644543,0.5416996134972166,A
0.9229021132434241,0.46465336222688225,0.9968873863667681,0.029942946225452793,0.928364624298673,C
0.08166952800592231,0.16423575343302232,0.8839388211622697,0.8602992487755594,0.005091355712424694,A
0.5360201881569047,0.7813856601118533,0.23953361322270594,0.8618839917481811,0.8592005913095647,A
0.19352966450454379,0.3875616038453107,0.020015378062307354,0.7238561995996238,0.17187229908443358,A
0.6485078317420497,0.1807683266779363,0.464955222118134,0.9267999286225957,0.9113817500821584,C
0.17525559497963805,0.10068037180034506,0.0443767641814774,0.6634034796247952,0.09262428006838141,B
0.4215577611460536,0.08252273839517188,0.9052115127465639,0.8717600695940105,0.9955857968666496,A
0.6373891811840919,0.36011706069714955,0.9798186727279904,0.5176382521922122,0.08989064735050267,A
0.7928833387233954,0.758514381554603,0.2301495912280206,0.09336560727842458,0.3409728392708936,B
0.6477747624706661,0.2539455601854773,0.36587720187059036,0.8168829726001595,0.8918500913596179,C
0.7385083556996799,0.32430834182000035,0.9406817972169909,0.39027154385776863,0.8574169626122905,C
0.31443520889017607,0.1032413356749986,0.08363035370834893,0.20563903312108012,0.9228800310800805,B
0.9260221119917076,0.05715247636545362,0.9870402172921146,0.21296126325960574,0.5589217377385255,A
0.4409813402578775,0.04868263960016739,0.8042984970579873,0.35132892938012006,0.1581033968244404,B
0.7489219757275868,0.8411942599987864,0.515718117876361,0.5172435475207339,0.7854064179416244,C
0.3212774195679803,0.7442469604494267,0.3055294769646544,0.2921499325768274,0.6356097549778865,A
0.1426107104419102,0.7243094444575355,0.3894682734600392,0.9835274991738152,0.099108340692183,A
0.3656915627003865,0.23736939284916525,0.2046495511966313,0.6153413171518163,0.07011581573467873,B
0.8655764733859187,0.6536759197475809,0.8478549723979822,0.38365310195778324,0.22779955511940198,A
0.10367289116889045,0.2790150917580224,0.2604587962919822,0.9700724205257886,0.26253466842074014,C
0.8121388513571718,0.5243697710922776,0.13225774498785736,0.9043058406534474,0.8686600383737619,B
0.35746713954061526,0.39055630192439894,0.10823778935875206,0.24234608416440373,0.5907633586313853,B
0.17795879907984757,0.39245643414670817,0.7880889455206667,0.5625919325589864,0.5094744122575278,B
0.9553880994610127,0.25857734066564675,0.5487180471443758,0.3211746007639239,0.2503452767729988,C
0.44744181588850185,0.30353430457641195,0.47406991269899135,0.74992603732201,0.22915559744757186,C
0.7297493537404939,0.7112305772523416,0.9430948307808128,0.9305366526219288,0.31681541358189247,B
0.5241544723742184,0.29450221300119084,0.14584855477962788,0.08374971182973334,0.8905448075081138,B
0.08720698001474336,0.39366545614739135,0.02786847545908644,0.15849187686004274,0.006012115307367116,C
0.5898149581053064,0.40794614827475906,0.2536288322802728,0.7886857236117487,0.9997198780191964,A
0.05871928878988686,0.2176552092889119,0.6533494501176024,0.0855405598417538,0.2596153202622239,B
0.9028908185243086,0.9507623858307652,0.5694527875294264,0.7578389443099365,0.06488008008209334,A
0.0003366049931977644,0.7909824697254186,0.837539514672884,0.8193678097417508,0.9513947018004992,A
0.0010881890789251614,0.5731123912559948,0.33188559407706286,0.798435237419169,0.7128936660918687,A
0.6886730403897168,0.9740673452963776,0.10571993463967444,0.7985613802373375,0.7694864217302189,B
0.7379385803776651,0.4833309742506906,0.7402493497802205,0.16844661340548495,0.3504925747468245,C
0.8212077014481445,0.6627260923952335,0.13169989270406157,0.6887851624149317,0.7493854761475073,B
0.06165205327965706,0.6720911972849607,0.014227188966502546,0.23141405532761405,0.49460250345742895,C
0.8796878620852611,0.3167537668213185,0.8319319883541612,0.8513907246098923,0.38258161967660254,A
0.8741988931942498,0.013911471586675828,0.7006379472307338,0.13590399891345706,0.22103850867084884,B
0.6196560072236313,0.694094406605176,0.9562781751065843,0.02878036100161807,0.8480345377040448,C
0.10768103969949472,0.2892543222296694,0.34673480592876005,0.094830402698875,0.0020695051796747466,A
0.7225420237732754,0.30623732100523104,0.03290149356941119,0.4991825618826282,0.4956926285467129,B
0.23712617129295877,0.9635507566194964,0.8851408707822583,0.030844606635988647,0.944782813693844,C
0.6158076150837911,0.3369822387183068,0.5203283707065561,0.5504331276729524,0.4082733756013025,B
0.4461382376959435,0.02926773272509753,0.7245495161662057,0.022244107979355943,0.09776011537444917,A
0.3035006354305646,0.8070655157237342,0.4952313836090142,0.7302409850707566,0.48896813144944895,C
0.6168917886444714,0.09411581210942632,0.049676324522278104,0.9049954590385751,0.9395865708657151,B
0.4347949268533895,0.14033466196696254,0.9215218987819523,0.3910664754200752,0.4679444133364231,C
0.53873224433695,0.5666137912939595,0.21058895994383853,0.6863677657446566,0.13151378002587266,B
0.46469277392206276,0.45545957081620225,0.8332166533738146,0.35890828957709986,0.4502345035122677,B
0.9020835165959904,0.92510730669137,0.6740005946940814,0.5684418231417617,0.2304996870351672,A
0.77239210863956,0.6435773724458554,0.32904658211786975,0.11312912613955917,0.05040443975682296,C
0.4345075815128091,0.889571738431525,0.3635930148509967,0.04435476087759127,0.5577504161854636,B
0.6284188219129121,0.27676257963557416,0.4636903263947938,0.4191258357051859,0.7374926062681054,C
0.32694796777783186,0.4773795526280693,0.35756424281764554,0.3564358382114696,0.6149193792160854,B
0.041711204776076594,0.9278895101811834,0.8238690567573648,0.1741868737986647,0.5931457003403637,C
0.10605293707892105,0.43159209943749943,0.2574080702148531,0.7257895593162409,0.9717141515999995,B
0.6603907673858649,0.4217612490390604,0.6922606257912691,0.08309313487111358,0.7213386009930133,C
0.4275608465388684,0.6739711139436692,0.8597975281103972,0.573032981870772,0.10784116844915259,A
0.19681408048510085,0.7567219278802833,0.3865852767692258,0.84987903283786,0.6411106686023125,C
0.3464802813950584,0.5518639937424663,0.5904961812492715,0.8396238002789463,0.17812919213327127,B
0.9767356426404227,0.1418129172989776,0.31847442597661213,0.5637782007037841,0.10506919706076989,B
0.9315690367890925,0.7900192003333094,0.6039083638245266,0.5460767694378563,0.4818123545894084,A
0.9670175381000965,0.9749144568830964,0.29063047273187426,0.28957085325718723,0.3426881266459202,C
0.7929714527424323,0.8455607775650965,0.20869238906010357,0.5254081151169083,0.43168262644240574,A
0.7816650490593293,0.9822491741872537,0.49020989634480816,0.08461489381077181,0.6935105216956224,B
0.2604340121540699,0.8332036446451738,0.4686239130735155,0.32683888004985395,0.8088087829968063,B
0.3061393555410864,0.14329249986050463,0.8302042275812499,0.14487179161596098,0.6654020843362528,C
0.5320189169448929,0.9420639833787081,0.5083852454002713,0.7963364154559815,0.6003726242407181,C
0.5065695730866985,0.3930779860900915,0.7201933020359138,0.41085364899454824,0.48666073154158906,B
0.8089086244038934,0.8618991695127906,0.038569326315755825,0.7542548628974048,0.6321673671773967,C
0.6150372471960996,0.11832669248490102,0.41469270904542066,0.2234071206343471,0.09035322394069456,A
0.16652255332965804,0.022576928015195286,0.4620364452937482,0.1073072871676235,0.4180840609659566,C
0.06535448885836725,0.08707658509521243,0.361687563630294,0.7237849250178038,0.6635289228056165,B
0.2919649426361588,0.2528418692857384,0.032906911632318514,0.4611250454879434,0.142216778138901,B
0.5869518991123983,0.6590709597275846,0.2146769909224151,0.1594928839702321,0.5656977170457183,C
0.8726147342951164,0.3664699426751138,0.36268568453216954,0.9694689832663541,0.6678151493167543,C
0.5211045721907669,0.50073179243067,0.3500758269568287,0.7336576047323844,0.16186315350623548,C
0.9484761502192711,0.19327743708516598,0.5441175248394672,0.40137300573462376,0.9726213783188135,A
0.32091556762372686,0.8481610664444116,0.633104547293038,0.9825093920655158,0.5985816903915346,A
0.18855120328347974,0.0918013068007173,0.9287227832075473,0.2353067528235797,0.37709783809314,A
0.22891355643093392,0.4294438523596137,0.44973759835206084,0.7128078524350145,0.4395205975379408,B
0.7999678022148394,0.4665283809637061,0.540746508162188,0.4629768430635208,0.9340789671503268,A
0.6032588274478683,0.03616833248537388,0.06539762880277733,0.8936275163027623,0.978483604487174,C
0.3975002856278611,0.543881466799433,0.6523338643919999,0.20886929798934206,0.8764278051663368,C
0.6688237487753828,0.47224892220142833,0.8187310102239986,0.2994413843343663,0.033279136318857594,A
0.26332181298909396,0.1560787789864967,0.5576395553887061,0.25386819774017466,0.9091814369350227,C
0.005335356868047536,0.9525918278306321,0.05542088203068196,0.43491582460228584,0.2945004686319953,B
0.38064182998347595,0.4468199026688664,0.28905139563169846,0.18108949305181965,0.09049141985662257,A
0.3989583002535284,0.6043220071506463,0.2848194992102281,0.7383947709307858,0.42387507018776294,C
0.7223631662539737,0.11852911772812891,0.48191866971679054,0.043388848382860834,0.03564458878512622,A
0.7912659227249326,0.1314104442617473,0.743676214465569,0.2949523251571792,0.010293763091630104,B
0.46572807158626006,0.6615154329083487,0.3486242093410763,0.5746298178079824,0.8433746033656415,A
0.8085897078908774,0.6120914139482517,0.44865035013960286,0.5558378869272518,0.5881572778982175,B
0.036196772392731114,0.5991037164051864,0.4966715661887523,0.12015602265064385,0.9077868314191009,C
0.1440366634773299,0.9650389033319078,0.8466646230272739,0.3212967634903029,0.890979752582729,C
0.37179964038715396,0.2696226423908703,0.07747959124708981,0.3502420182567888,0.9640122222144735,C
0.49137342723056976,0.02401058620014218,0.6560857429085104,0.28704001958025194,0.16533064690334964,C
0.06022993855032588,0.9631859186383307,0.18281336479689536,0.9940841815747097,0.8523340036163601,B
0.7290918034253799,0.5701748406645254,0.4950214841521061,0.9696948073291294,0.3172010912232178,B
0.8069821050538548,0.3946991834138468,0.19783229584576711,0.8913335031047368,0.31586257584798816,B
0.7192242587509853,0.8018244480601964,0.7226048888927805,0.20373969383627366,0.31232128146684435,C
0.7314609565176643,0.6831169385413725,0.1642244855161331,0.1868837169947586,0.03927072238262408,B
0.3365715355549701,0.638221202776003,0.09973813269012699,0.8288021855094374,0.829966379848903,B
0.07787923391473639,0.05493641468149013,0.7458443699710948,0.38914300198491825,0.8251806715649471,C
0.6177768214913919,0.9182805291703245,0.7450435163393594,0.2657801833101119,0.5393178177750112,B
0.46031392965919693,0.37119694990137364,0.6113849781754437,0.7057567269036027,0.7455441297366219,A
0.6920841177413742,0.30539871569047927,0.14053505925014598,0.945366476329868,0.06474368278045739,B
0.4162427391331549,0.4545988919581029,0.2212142147158791,0.5554664791658603,0.17493407244782344,A
0.9158533618756419,0.4467420364967819,0.8946548436963896,0.21146014799244217,0.14093613672024996,B
0.5000861875009898,0.27859673303441457,0.2803750133379175,0.35878096718354946,0.6780236453744877,C
0.6418287369099999,0.3886655601185304,0.833118175061582,0.4523782566761567,0.5989184501191687,C
0.633608967405954,0.9887539614912355,0.3507912722518338,0.4505935412556392,0.9558810751419791,A
0.7708540457151358,0.03049065324104072,0.6835821052922267,0.9867811524379174,0.9222847660109795,B
0.8090238730951147,0.030005322186545946,0.8849936806845641,0.7962207905973672,0.8864597686397501,B
0.29559168692821103,0.8874797882876684,0.14716653733776985,0.029335953215096855,0.6976241573758842,C
0.868418329265269,0.5106295494906793,0.28333655577898176,0.6492262517805995,0.7424631113229745,C
0.5443717405449243,0.11317787734057805,0.7038588661964779,0.2860866382281636,0.6803533351656492,B
0.3929111667124707,0.181362372181761,0.6236762021542616,0.5595333382352631,0.028808261417971215,C
0.526892962825561,0.4811303786294583,0.32962904480627775,0.6271896028246812,0.7062585513401234,B
0.9417131621079003,0.678438455834751,0.8453807673623961,0.24636324945180987,0.5375988803478571,B
0.7025713420603883,0.1631067844613795,0.7794442576353766,0.558381296935893,0.29648835553293984,A
0.6490689229925468,0.17484667038476254,0.865769036768969,0.9502290420858986,0.7769598319873803,B
0.9712112183980026,0.7507573612597187,0.9030614895810284,0.19540083871548686,0.5152691035877249,C
0.13117216316850333,0.376164690513911,0.052695111576102516,0.8927581515198125,0.5679255530232582,C
0.5583948485362737,0.2500498629227462,0.32057019043697466,0.5851663826782385,0.00898280818852426,B
0.9903006719269755,0.05547513234543555,0.1939722435133392,0.09559589663532153,0.6727652891847674,B
0.679577346725362,0.25557158010882486,0.3712642047393854,0.7392893682633023,0.18015537462960285,A
0.5797526201043178,0.1477168605268132,0.3734354410480327,0.5605249629036719,0.5797714491002559,C
0.6172691547343756,0.7664916982682024,0.9398180190960913,0.6587441726172191,0.9041601116952388,B
0.48745619058419987,0.31348085344538223,0.09547729817636563,0.41535576188477696,0.8658571142897445,B
0.3981150383914377,0.6312391297503614,0.783403086431521,0.6673440469635331,0.633583736110431,C
0.31494209483112034,0.04507996329036068,0.9382711197001268,0.2595393718700987,0.7502077154304828,B
0.12035283836592692,0.2887614886813996,0.5300356803191897,0.16464981771823717,0.3185941872382806,C
0.19252273841306589,0.005499654619895766,0.472723226041041,0.940837099331684,0.31109679915170474,C
0.07588080207420855,0.5719386876607558,0.14487938582662208,0.6262003874766331,0.760286588862387,A
0.043921966732276996,0.6820043556234122,0.9776170434913906,0.7842687598698019,0.5834598753009651,B
0.07242355391032684,0.7194227395718507,0.6379821796545884,0.8832908312971223,0.7061091198650427,B
0.2577655029487378,0.14799718949127783,0.484886355079984,0.022909567612106052,0.5277783768340245,C
0.3682711986832543,0.3600244918162514,0.5312518663543495,0.456091086062974,0.4639074867397268,A
0.7852576582922207,0.34538688855217803,0.8227604511989127,0.321192757641807,0.992428754887571,A
0.867693236747419,0.24406452824061398,0.32065633884567424,0.48072463873489557,0.07782228049965323,C
0.24883811625817187,0.19192081299367758,0.3608536001823016,0.720634097478629,0.40044934253605236,B
0.3942182998314554,0.4204920823953783,0.11424575045399876,0.787160699752736,0.9772465168920313,A
0.7628039204378588,0.6563031409098066,0.5896930129569661,0.9588115745298859,0.6964650463377682,B
0.5755387049158023,0.9561317211687101,0.05416855065873061,0.8065191028946767,0.8216795148697256,B
0.5641391878639052,0.5419417526368283,0.1140928800744554,0.22264638324173358,0.7467115351359279,A
0.6249881240327455,0.45871894858977336,0.2040725747304858,0.3896545054724877,0.29701036523169366,C
0.7878809524620555,0.19773078787513199,0.25836468282603187,0.7103997926039921,0.6059762236144415,A
0.0017149017250239762,0.30464609142550914,0.8629443531188126,0.8132867803376018,0.36703194503570635,A
0.47948080427006357,0.8886944529893723,0.3359050602560868,0.9439206939995984,0.2264144589000655,B
0.3754612377733686,0.29239239570443587,0.6514996043653518,0.5878286510862164,0.46844110233544634,B
0.1364681335218486,0.1577789513207749,0.9236164501391421,0.2324258444468723,0.11308310889903861,A
0.9454441147833255,0.5357740643996203,0.3705639248865139,0.08448864981089566,0.6205615166243379,A
0.8091228141983559,0.7911178411752322,0.22002007095141718,0.9720136885250583,0.3826468018879481,C
0.8756753420907397,0.5607258269679507,0.08761975633951002,0.7934594874047322,0.27167925771728685,A
0.26728306449332595,0.19924299127356337,0.18927281295655163,0.40259189641116233,0.6708666860182361,B
0.8277731099728499,0.6776046480260992,0.3427968187889695,0.8018191949725006,0.05411820788326216,B
0.746142815376019,0.5150975846852593,0.9031398297966237,0.763029726183592,0.1222978612628356,B
0.5499738454935686,0.23451955818916193,0.24119785417054074,0.727442938282902,0.6897344230049325,A
0.2834375104982655,0.4436171451868298,0.3242800712599021,0.47482867312879207,0.6927585267391213,C
0.9479127393800183,0.23182869869734857,0.26792659941098085,0.698948272100051,0.5683318911410263,B
0.5435507916512806,0.9896346765231593,0.1395948305243816,0.08698575815294873,0.14103042545367883,C
0.4698053493478571,0.4354885170406536,0.14210739361020774,0.8512248854385358,0.5089563395917309,C
0.3825760243408265,0.666051231916947,0.06741531334580719,0.32760863162152043,0.7726913895045034,A
0.46258071314930715,0.546775481030249,0.5983805056858794,0.6864907182528365,0.9112876718553824,B
0.004633470647182669,0.4580212404491397,0.5148372584099581,0.590850232348118,0.6516293481402327,A
0.007573635094271114,0.025363460983279573,0.8142466978931386,0.829934921155852,0.27230021771483504,A
0.31468363038992775,0.25794949184218796,0.6678295806268792,0.5631634369780992,0.5036328995769929,B
0.791235193085023,0.421351649416421,0.48213600420917246,0.07278196251653268,0.27301587446095255,A
0.27978496168413713,0.3938403142546757,0.8449005743953569,0.17524186974540468,0.5779603763356898,A
0.1244963711618029,0.6506612388083393,0.033016604355333934,0.8132493469699162,0.44082673152774976,A
0.3556754251159864,0.9947268502931925,0.05713521965903512,0.31403254170626416,0.04738044377785089,A
0.1402803018664226,0.507312182918931,0.08912635796951995,0.042397921834939734,0.5500127377720039,B
0.5598824616117689,0.41694065204410335,0.04478626757032311,0.34007777950714124,0.2696188760511963,C
0.12340312016928467,0.26399526371715887,0.5803085115247124,0.07143439412623687,0.06106849750213161,A
0.06703724343245565,0.3396892974780682,0.6890482509716077,0.30162264043986575,0.9550848464746411,A
0.8451578308099829,0.2640116610699146,0.9497278117176967,0.49783002539010157,0.8344032651946296,C
0.6534960618829462,0.48898073302299694,0.19148091866459194,0.9835945626614204,0.9929362624764595,C
0.9618730130233882,0.2653459704806025,0.3571918016934513,0.9130744086423043,0.058553865421064,C
0.8763221918968598,0.26626051219580404,0.587982748732944,0.802506210309037,0.8957110195456461,A
0.8916073880331403,0.06481293723597359,0.5877885528213641,0.8251306629443192,0.7463404194959806,C
0.6790001503640043,0.0726190537605802,0.495810761028572,0.14415011270970346,0.9836889006790862,C
0.23242281180805335,0.30899332317232275,0.3148294774612789,0.297088406873381,0.8825702024390628,C
0.889805339252691,0.21705152509039582,0.8054400435034957,0.10158033834637425,0.412323465119688,C
0.2454699527275539,0.28595507341412696,0.8379785377156446,0.13294603894139878,0.2955230739868314,A
0.1098909475434936,0.4111829798086325,0.2954846824422711,0.13231779947377476,0.5361448028334322,A
0.028842801342464863,0.1756076475810716,0.2727407207112559,0.12782946053587974,0.2667279842417465,A
0.4792936740262689,0.4304370856378491,0.6565340949105702,0.7664896070991216,0.5502122404594686,A
0.635874254524442,0.7202389921332446,0.6749908411534415,0.8280055325421952,0.9610211159628029,C
0.35879274423721896,0.7114809903517046,0.63398958902018,0.6654454004589511,0.8002045775916988,A
0.1753159861554291,0.5784336890324066,0.3481079824774861,0.0655644323221709,0.8081397190701953,B
0.8355010412233269,0.9591924508796451,0.6094983996130098,0.18445645105313813,0.72926706323568,B
0.5408695991387918,0.2620995010844105,0.19537212127375458,0.970335538954067,0.7931097384863071,B
0.7164173692041296,0.9213048960537574,0.961112758478505,0.14993634236344022,0.5997920142398385,B
0.7548138929776397,0.6780856574699766,0.4907669397713934,0.9222736669860809,0.3037284196503228,C
0.07614351459211932,0.674865495835619,0.14253531904300654,0.94381494766138,0.2765570626284348,B
0.560858367675717,0.7101704207527965,0.17340351382268693,0.7290890020483034,0.7545716661268382,A
0.0057295015780028935,0.6641556443134646,0.22432075641384863,0.42286386848625324,0.8154634800300632,A
0.18452684733267866,0.7566114587162133,0.007870713515742422,0.20154975002697173,0.15870082287920317,B
0.1758058464662725,0.20186412579904367,0.5094141927923258,0.9991349198074368,0.9316083044011619,A
0.2586279336393087,0.3033616420678146,0.8836172677519948,0.6973324170004122,0.30980753133111094,B
0.704368614056412,0.8841485729085601,0.4331930105400782,0.5455189940118954,0.5647054334039676,B
0.3688183442924199,0.9662952362754257,0.5085297652289935,0.08961801076612075,0.8984244707851816,B
0.9028614741441636,0.5360214954658534,0.8861423601936392,0.5714643332371212,0.8190240614148754,B
0.21044869008579836,0.5330808420181369,0.8622036915464486,0.7681701362597089,0.7736915023730057,C
0.9980423592245966,0.5675725775880262,0.9975727473072389,0.26416495141457985,0.02941592845950325,C
0.8986511842270389,0.18597638280298445,0.9673694345981247,0.8596448243859982,0.5644435145843169,B
0.31795885343583585,0.2593174666145426,0.1345002716581536,0.5435097632673449,0.5437164084062532,B
0.8413521840018704,0.25523523334224485,0.954818842428393,0.5795993696333557,0.07498050712547633,A
0.24487161592563156,0.48414843073076685,0.641660907574715,0.3257266431767487,0.9090779139749857,B
0.22054170177917742,0.667996122560555,0.07788306044576099,0.5821265453394546,0.5048071230974154,C
0.33262007926660664,0.8218363955762601,0.17139567379742204,0.23281537263981222,0.5994775514928662,A
0.24374005377444974,0.3336269192688557,0.21784327611701704,0.26848187162183135,0.6909954893308932,C
0.7053146423964708,0.5907177297834303,0.9086214952679355,0.7451200707214245,0.7862030978591664,C
0.0891843816135165,0.8640634434382383,0.42289292049605787,0.23834951079277944,0.057492914866778544,A
0.2796069757066779,0.8778888575445608,0.4843216918645403,0.2944055496358966,0.22430841328354167,A
0.36192177104327905,0.9051675368744079,0.5886567788426619,0.020845551670671147,0.0489306260193727,A
0.6767877930463183,0.6031594648557661,0.43851393184662657,0.39235430167034147,0.9351409704439873,C
0.8478061991044825,0.011195706440133124,0.0627887067274564,0.26394883894649146,0.12591406250672543,C
0.9048684948098975,0.7072295974533217,0.3037198853484665,0.630188449927452,0.3100104572172543,A
0.5727901323832032,0.43025788359136974,0.05427458620641168,0.1816029317772142,0.9566540430153955,A
0.13805352594004594,0.3213432000156533,0.3013301244251375,0.7805898579318156,0.10472364768677722,B
0.43529459202476506,0.8361356157622147,0.5768151206061028,0.3011806487716887,0.8586989209187273,B
0.3804972028297402,0.8644123204422587,0.9296892798492186,0.20813618744643048,0.7222994779883345,A
0.7136638266016683,0.433710960008989,0.9036053519944066,0.4961423894155662,0.8520101596208572,C
0.8279822010889865,0.4451354960117849,0.19551921949809237,0.3771294462079934,0.7859174961068528,C
0.11599045977287747,0.9884959223816141,0.9919475016844023,0.8727834728554855,0.14230926611312233,A
0.9658918358284583,0.6712042210836203,0.9584479943676896,0.3627589432881061,0.2819363391112433,B
0.08805566074340188,0.5502536809846947,0.3607284918713647,0.8232333500274243,0.7030082898139138,B
0.270541237043052,0.3285221469713542,0.12480469271302397,0.39333070584028285,0.5123738706988661,C
0.40854969412409303,0.7846417398818742,0.5889559776763493,0.9227926212423704,0.9607461084737932,C
0.9426222327400992,0.4561896975372842,0.4920712664369645,0.6198628564468281,0.6751564277680157,B
0.42268300127074687,0.9281874352730924,0.33233178453484535,0.5642879517699176,0.9835112284828096,B
0.4595230096622793,0.18874467121582472,0.0291634184359022,0.9141949044484962,0.8269686247992138,B
0.6787579640018659,0.9172538379248601,0.9661455751049498,0.7602374065264025,0.9675829984937021,B
0.1426896794568019,0.3647703872660195,0.21091282346504414,0.9826720795457609,0.5901884743083773,B
0.2144677800952165,0.868414858554138,0.2954512645092715,0.8669451945826723,0.9728928406125722,B
0.16719133824964028,0.39252315549277284,0.9981657411670496,0.585434496795449,0.26083305747048324,C
0.6629537276191068,0.4426537769313098,0.686125801976958,0.04819469855765168,0.7895975234186076,A
0.093040564985437,0.6527192435853081,0.5098608478935682,0.4783951282093535,0.46223889125486717,C
0.5720188726018651,0.8543686673397188,0.746940861300422,0.4873412131837066,0.421014855903904,C
0.6692863773905763,0.09192305467748307,0.9772011885812159,0.276293587913797,0.4841319368926873,A
0.315764209095167,0.6844732033721304,0.36050939806115045,0.37820736571448565,0.04090615055361935,C
0.03144003726656042,0.5976702894384575,0.7078068063925039,0.8070755201064994,0.9786220900160713,C
0.48012911836826044,0.3999352644199281,0.19670946713709003,0.17694469695094528,0.07304827331703867,A
0.8787419001142572,0.1610842132601925,0.49520664645542,0.11908057982246467,0.2096974823649429,A
0.0011001552623639554,0.43144242836086333,0.13853555007387597,0.8276377910151569,0.42544182432199096,C
0.16058463201576956,0.3685878962257081,0.8329806248329397,0.8170787377674884,0.9471711345827977,C
0.620205827686693,0.4120846891597314,0.25980300460510886,0.6899842912964346,0.7307071982740715,A
0.5510652262392505,0.31894115901075737,0.21767947340354976,0.9137521136701661,0.0650858256941107,C
0.4913736287319872,0.5634019057214343,0.6828421125605092,0.3497960748259399,0.507182280363624,C
0.08566379828115867,0.7577004877257545,0.10315777643496271,0.45316483342487923,0.9694393751628905,A
0.43355308974596574,0.04647977816571347,0.31697765967287195,0.12433610717635912,0.40055305012210307,C
0.7860722970858123,0.5169588086733514,0.804218890091751,0.8819710846524025,0.5835737301519648,B
0.28638828594668353,0.5565819439036215,0.7473018761709399,0.47466285378775475,0.27088542803272775,A
0.9900314527153226,0.3767226971839469,0.9839043717492639,0.2029601458729703,0.3280706273901619,A
0.5677508737163117,0.3043553540480547,0.7392367186191217,0.7869494466394715,0.3653492642677604,A
0.6238959557792906,0.7247675635179766,0.9141974003722695,0.5707114490529918,0.9079733969216228,B
0.02802557409071582,0.5911467324138753,0.05990079322906461,0.569113320570193,0.5429393475493252,B
0.7637761173954144,0.2977805435973776,0.4820340733205778,0.818029383723327,0.23577525853610615,C
0.7372670016435509,0.30501166661586865,0.44721521278484344,0.8551196047861033,0.6332392344120152,B
0.6332968083657917,0.645583479690096,0.984721799279749,0.5229368694433872,0.7488659126643712,C
0.791457077336394,0.416526187224305,0.2035877295341888,0.28614580400190204,0.5442841133329772,C
0.8013648039840789,0.8021697265302284,0.19055602062474397,0.5798870168538308,0.6894342803446618,B
0.7182434081570586,0.06344693678855606,0.9652190368011928,0.19585432876247466,0.746040142114939,C
0.7592694347913349,0.13014182809094443,0.3041065853692968,0.0319826139298387,0.025879868603694622,B
0.011804875538309334,0.6773380649774055,0.32228980439786403,0.750976472540493,0.9334795125211957,A
0.33082584805561677,0.41075797940611936,0.6825439865696389,0.3597697202221395,0.0023544155071600903,A
0.6185234970045167,0.7679869658468336,0.4304070299976598,0.14191016966312997,0.021202040914250597,B
0.2627008874980369,0.4671735485312689,0.719883392355092,0.3231798185073901,0.9288194217681688,C
0.9878169118322572,0.5858935255833544,0.5359304891668782,0.5121886424408703,0.5451218776298721,A
0.7795545426002415,0.27486142721508733,0.35441101250612994,0.4796690032795131,0.7099347106012988,B
0.9738188884818553,0.8742635623113205,0.1442275671199964,0.41598069237575275,0.8860148894098419,A
0.6849908742018439,0.8042088801478228,0.8537911353221873,0.6347334902629341,0.3143191677680651,A
0.3919094957896281,0.7479347341582427,0.8121657113673473,0.0674596172969758,0.47930877247996717,A
0.14408837839355026,0.12005861347724289,0.9712257224021477,0.18654766275440116,0.9254113133457799,B
0.37175778397596915,0.2937632626736425,0.7298044166355693,0.20682852736184731,0.7106519675631696,B
0.38016434551888245,0.07082698971746171,0.48177592859974216,0.03687248204872973,0.7795819796073568,A
0.19246352855861726,0.5512124417426076,0.8426501359953336,0.9075009027001455,0.6488587611703968,B
0.8623766947996245,0.6538043425174527,0.5588021202522777,0.3316600232686163,0.0820886899469554,A
0.07787849124828261,0.3955791713680653,0.3200856166508863,0.5755386623976162,0.9711498956266494,C
0.24245704946733515,0.22826367101612666,0.7593773911553079,0.3629691089972925,0.32172312389538604,B
0.12276750735629904,0.9131354323029488,0.5410276617380331,0.5814745301143635,0.41726299714525883,C
0.36263897878202256,0.7640295411638353,0.2747328299296883,0.4282661702171664,0.8601880592979043,B
0.026904576185107998,0.046173012409942205,0.1658166346345632,0.8320521536154207,0.9313228834032597,B
0.13677122808837072,0.8126863368385647,0.9416286077796993,0.24802116115894612,0.13850186718867363,C
0.49013423353700625,0.9703710338998546,0.864982271368884,0.6385522267993495,0.11945233979522563,A
0.5713430072685382,0.7623106813274686,0.6221196840442932,0.9534654650378136,0.5025518729230631,B
0.345736267083944,0.89455632090535,0.31424203840528864,0.46112336558547895,0.9922004922989269,C
0.6270002184433654,0.10290122343277597,0.8025372029406307,0.4828037085228052,0.07053710330028296,C
0.021330975372435335,0.9540296017487622,0.81420474703979,0.14507342468093842,0.44655026013187504,C
0.28791173827966554,0.9828296726638468,0.0613152527849139,0.8552277553396859,0.18071293414077672,A
0.5859360645505852,0.6478981084815602,0.21351379522974012,0.7129628957810061,0.8160709876819812,C
0.678349396372631,0.5761242768842524,0.3889715519554,0.9556722818332394,0.22907321708694162,B
0.482890249485984,0.14864614207164428,0.2730888925885103,0.4528427834647276,0.8743686406547752,C
0.529084122265944,0.8781135439306283,0.9174771332202223,0.31776063180375524,0.07143069256353263,C
0.4176737799763659,0.3919610856376031,0.523132127509241,0.44308642626884587,0.7290070372601527,A
0.8455319113714503,0.8023151700611721,0.8479286050952471,0.28291426715120394,0.2058759096896975,C
0.21354981860489664,0.08124149443341344,0.5994599626896097,0.9801516282269965,0.11977269093412268,B
0.9321100631097878,0.6218943708706178,0.5520407327401837,0.29667063999092325,0.6879545751444575,A
0.660964672711624,0.7485391307575039,0.656267909079962,0.6626026512310723,0.029565298915260385,B
0.06449447142396858,0.5768614222920591,0.8812488245954462,0.5737639871038205,0.8249576346370591,C
0.011636456792274541,0.13401762202917145,0.14335761993202212,0.3155550771377449,0.5529776408244534,A
0.9662209467603885,0.7029562866554744,0.8320324867907888,0.7613043850306208,0.9794026016109016,C
0.7718536950486916,0.2199782900635917,0.9087000179993084,0.061539828205823044,0.33376659955727006,B
0.1416424063497529,0.5954721067325427,0.9628770224329205,0.3556945341129306,0.1904020390531137,C
0.37993111476684904,0.02111150036679421,0.2338188306443878,0.07991933619265335,0.19593098557800914,A
0.1955857429168809,0.7978293381684399,0.7728118837970094,0.2604176546526388,0.8471003356138964,C
0.4859894034401746,0.5424142729734763,0.7667382222283555,0.10744479461720413,0.7327976948161417,C
0.6848087303334904,0.6426304027236676,0.47608152640405677,0.5470363920377972,0.5133416754385974,C
0.03203059047760315,0.7409110878553926,0.4224878582500138,0.4660752019550025,0.15789512198189437,C
0.9580493615480857,0.6562228043387952,0.7312435601551185,0.16045415479255765,0.9167018933209945,C
0.028895674341098077,0.6086610277971468,0.4598305560517988,0.8632643186113784,0.8436597132642332,A
0.16799332649927923,0.506198661992687,0.5348218521799699,0.6016369727370764,0.18948098206540998,B
0.821862356395567,0.33868447401237256,0.7046922274041236,0.2696320845232846,0.3468584113704307,C
0.8958196647420988,0.5376578105538677,0.4003137572135922,0.5106484634598398,0.9465990603920514,A
0.9209530096941807,0.04716958126351867,0.22637250792235786,0.5155549147431564,0.8263533017961001,C
0.06259109286117126,0.9782826583065212,0.4462019346776652,0.41482229672551485,0.7171147467633197,C
0.6655973575531632,0.8576701464683669,0.4135594867205338,0.02875295773553599,0.1856189186784486,B
0.10399210780861778,0.1703675846581345,0.6932732596933797,0.5951307829380782,0.27834457344680696,B
0.35655306791761887,0.45593794143181643,0.800727914691081,0.6835792754844396,0.6072167240155393,B
0.5152303448362825,0.575251812343642,0.3507597121879884,0.5655118720329897,0.7959128191131589,A
0.06300999409144259,0.7635228357901762,0.897751452475739,0.687192182188869,0.9803735981246485,A
0.350353265786282,0.9759036430882857,0.2640830495378429,0.7102316932559176,0.6373311863054839,A
0.6018809872632883,0.7608958037573876,0.11229691590055646,0.16960281127697863,0.0004276171815829066,C
0.9587734577327344,0.28471409838762607,0.9044506561321025,0.6158861378648821,0.6013438204236765,C
0.0836264527715811,0.2516935563803705,0.9071491651732355,0.4732447005394521,0.8359276057777242,C
0.42793404626309006,0.8640115796245147,0.09566439270903937,0.3518358536305891,0.6267877984321029,C
0.9741066992286752,0.2784267546793351,0.9319481604472993,0.23136130396339927,0.8722981234341984,A
0.25626559959004125,0.6338104994068349,0.9260817690849592,0.05134692533732155,0.1194407689289324,A
0.7436585445385409,0.1104748802112232,0.6925459271435306,0.3949787839499854,0.590665336211981,B
0.38320071444109816,0.13111805298024581,0.374822676333769,0.6923676048452283,0.5376526690436072,A
0.879612460763553,0.6354219000055882,0.7013691552947869,0.7357236293384131,0.28384450891876645,B
0.784966662033413,0.8161395683835421,0.3905999607523317,0.8328569010419596,0.06948752203798758,B
0.5415707187507777,0.8910824988232477,0.016593716999683705,0.1361681428682735,0.4603128404939675,C
0.998874336266314,0.1901493812452948,0.8659516856858037,0.5731391529317842,0.7595106649931547,A
0.6704724603824009,0.6644936288862858,0.47982892146240885,0.9520874500236196,0.7524454916476296,B
0.7537705514562568,0.40179286700652805,0.8365887552767555,0.6388666586391415,0.019100211473571882,A
0.33537099189460773,0.12694803613824557,0.21169806808928826,0.7611400089102422,0.8013993690954734,B
0.23351203606957682,0.46010764427181783,0.19632472514701693,0.05786328543242458,0.13897309791275536,A
0.34205193628257746,0.6301080843216291,0.5761960223989698,0.2719925380360543,0.17533009320214876,A
0.5097610359071291,0.5388435842283401,0.14105358888832464,0.3303091515914275,0.8577432911528302,C
0.4238678556250046,0.432579308930114,0.9273915765256817,0.7822981769874318,0.7013500877447837,C
0.7592473466593577,0.9628627581395884,0.24134550223333273,0.10702862199096475,0.29788096299576805,B
0.8149304231783726,0.495512709741889,0.607279566493765,0.9826835477070527,0.0017300941257128999,C
0.7967806926799822,0.867526804045213,0.7518386746856535,0.1599192635940423,0.711387721376579,C
0.1975950081736284,0.8274587643594343,0.2184059742420179,0.7128247804280101,0.6041319373227831,A
0.6581445012837946,0.752234591426635,0.11531318471169716,0.05589667620116989,0.3117224556700281,C
0.045920007909302396,0.8932101725802388,0.04077939684356768,0.8823780260502957,0.012005770113450942,B
0.5116216803418266,0.13704019496131525,0.1337511247263372,0.05711835636688645,0.7944300815473322,B
0.3935836959772834,0.968416342606492,0.9730060217671537,0.8703761183075082,0.35734841003232676,C
0.35729316254222854,0.9302176599283052,0.11923950084540158,0.6021884729335302,0.7620679644954648,B
0.32247767969316654,0.5461431991567908,0.9016867934610006,0.5108128944371654,0.14098051827651126,A
0.8445036378201496,0.0827619740194605,0.4983450993923815,0.806582640315175,0.33984497315250617,C
0.3121148581732378,0.26845622484088627,0.5992386858568581,0.3901286422398067,0.46278305816077037,B
0.9976615206367588,0.5072910891934551,0.08925239887595315,0.694495753394215,0.7240742691818385,B
0.10426244913866589,0.34127491881910155,0.8915317787983251,0.2540799804048518,0.7787571768459858,A
0.7450610956946301,0.050294634475961164,0.07123091478672561,0.8097943191777449,0.2390717097081544,A
0.635420747057573,0.480931255707879,0.8105918113832757,0.08320380056903809,0.47111412797955887,A
0.26684327158273247,0.005985180702939186,0.8851074133420153,0.7382123333472096,0.09140614296106686,C
0.12376529027255911,0.2677902344117362,0.699589373267783,0.24446283701393545,0.11817386979993683,C
0.6184002150856924,0.844358428475899,0.5443869275934725,0.5096691373667739,0.902713660571558,C
0.8970807931651238,0.9670405138521365,0.3006295894014236,0.2533244754258823,0.3184617971342656,A
0.17052652674507307,0.13941846934554725,0.4407792419802826,0.05896038229957923,0.9243589344397044,A
0.3885095208295184,0.9528364092401308,0.4062524065330637,0.4926189939552894,0.03906768309852526,A
0.36585235401793004,0.6493375342025152,0.18306278888935068,0.00783284656680272,0.5713315788266873,A
0.4907305068569756,0.6875316550773154,0.06828742887300654,0.03698269547009436,0.3169913866058518,A
0.47798260891808764,0.6087552479816061,0.6810666844670653,0.49776633170685036,0.19325405900820802,B
0.7201452968867351,0.037052627573095354,0.190248829831689,0.47766887975388694,0.043380251669833836,A
0.6301164343596122,0.8782715734603738,0.7840233813049123,0.42455504746017825,0.4283421906829612,A
0.8272828126234384,0.5992529750097024,0.0583564351298379,0.23752013900714108,0.6144577665550717,A
0.9924684860866743,0.39310634261258404,0.1129519136236039,0.3498228924197839,0.30543755003824635,A
0.5992659551037127,0.867425915009882,0.04532480761123425,0.25535294209391257,0.43326150550424425,A
0.8641413153522771,0.09759889377340536,0.08183670738809634,0.5299513966138637,0.7264962806976308,A
0.18673339588527038,0.60432561209515,0.26022847339870947,0.1521375463266914,0.5185844304106154,A
0.667463192399518,0.02854023874684619,0.3459236684872896,0.9426829109505646,0.5284883253906677,C
0.2853074417199817,0.16439205138508362,0.006518826793496801,0.39112334008889105,0.6369450950708362,A
0.7857150182096153,0.2893047815636073,0.6700727713063772,0.7498670556599866,0.6662972047536608,B
0.6386777932693751,0.7874572149392228,0.5132994894186157,0.7740248523105118,0.7763473115372204,A
0.5966393890852243,0.6236979541189023,0.994374870751289,0.8278061131384812,0.4764563994666906,B
0.6576088261709109,0.7104871848882891,0.12803707456700097,0.6924605823216331,0.8948260010768188,A
0.48123083649797094,0.22487726793720497,0.1684573982213432,0.36367852975578774,0.34960981655930556,C
0.7289885706828093,0.39076195583250295,0.15398972636868868,0.128304055846304,0.49852906823804766,A
0.8090543819174719,0.8513324210208404,0.4491928357997238,0.18882886055193326,0.6283551402486176,C
0.8156078357491227,0.21326739606980905,0.8927021363251161,0.30578880128073005,0.20182064444131254,C
0.39345986309347025,0.6246578768753276,0.5791198150714084,0.015618758260663168,0.597399562117926,A
0.638570546132326,0.6861126209583998,0.6403558247979667,0.057479820185345365,0.3675887065565313,B
0.4830841017406926,0.5705450972518109,0.5715554262654273,0.8228096655031765,0.1395763594303956,C
0.64513225593026,0.2952582514287597,0.552705925737423,0.26574911335201634,0.2978682524415358,C
0.6776678759435412,0.3878028182023282,0.309489799043268,0.850342398563995,0.17987698328561408,A
0.43532408863337135,0.7034845016967274,0.8495335217924769,0.7061731028530361,0.4009875337563584,C
0.2125636592610416,0.8077793380798178,0.41680414413486544,0.1759904809911903,0.22519558647153792,B
0.9429539369891767,0.0784718560008748,0.6575269107110824,0.27288389971075055,0.6942278042449049,A
0.6859028517462126,0.0007256205974237595,0.3483689734208424,0.1599895619597701,0.6878322150372738,B
0.9484993350890398,0.8697672563222499,0.06992099394407725,0.2646668009568144,0.46272419849197666,C
0.6518594584331783,0.5005635123478066,0.8165441855103499,0.31082096662542935,0.599559030735647,C
0.013208594315324618,0.23211289666223323,0.038244102409097036,0.7658114311152604,0.7936130268301352,C
0.4425075446563407,0.20127804452339948,0.6522057108491354,0.02196588236346686,0.8362587116684491,A
0.9542157803886331,0.6765867835039402,0.28999457513891014,0.5318301122690317,0.25512940333471446,A
0.22992429087107968,0.19780814485781406,0.8376292595590941,0.6599627128791042,0.9992552168164215,C
0.05705578418195967,0.3031556005957825,0.9285130430061327,0.8415717230687723,0.800496921569918,A
0.07507823372923528,0.5282796002305269,0.6347430764190841,0.8185677911357885,0.5189170888220144,B
0.6021298202736035,0.663279099910217,0.6274857558505611,0.5482623273949682,0.8613288897494281,A
0.43123992342152284,0.057254784330734054,0.48990140210175337,0.8282475182939464,0.28218732389960877,C
0.013252240541048677,0.4090098860649267,0.7260132465565183,0.49646009774659905,0.2584987635527739,C
0.5807753342968883,0.6215612375082847,0.44353513362486663,0.3731439296146386,0.44248574696190623,A
0.04829661049389866,0.6307671985758836,0.7015417506503603,0.5746073935573449,0.17491310027762752,A
0.1643019498148558,0.12531128319397877,0.20306434285007113,0.24556564360561928,0.9193371368343825,C
0.8017623974844884,0.37826717229979634,0.527180968394857,0.5033838828089298,0.27776027473183107,B
0.23787131396292438,0.7487156318557897,0.4005287133858546,0.03383971145335374,0.2610849881220909,C
0.1453584282497017,0.5002010594212492,0.10544204998053697,0.1476338862460015,0.4055475761832915,B
0.7144301930952603,0.1813608979405964,0.5503767496874601,0.07926656781875763,0.20730826735765417,C
0.39427156820149045,0.5073109264209623,0.10825809469246617,0.3646701298133762,0.39429436489845915,C
0.4686473391532102,0.5447076427302475,0.03224110004010183,0.7064589247352063,0.24365264257926422,C
0.8405872891091973,0.18787625259503393,0.7637813293368194,0.5692412178127888,0.940292629555548,C
0.7131558947561053,0.4828147402573322,0.7176171840461436,0.7375234944010477,0.34731028132630226,A
0.6288249800019293,0.3186636528637389,0.8604883231226266,0.3878283239304283,0.6383042059721141,A
0.3456159233697981,0.30029424496911705,0.7670782894700533,0.4389948239131166,0.6736671031615615,C
0.5646530616361864,0.474603297231993,0.2819647403387854,0.09315884184376855,0.6858717863240537,C
0.9401074187111322,0.7093322487729153,0.6579225791351899,0.10586802601654144,0.6648618785585748,C
0.48082807510046277,0.5966041203233144,0.08505513655219676,0.07606197695679295,0.8263765979829972,C
0.9830212837488542,0.6317410388412376,0.07291763223939252,0.6476408170842983,0.05018316066682682,C
0.6905669455987559,0.3823927622152894,0.16824224993188575,0.5181591107155094,0.014122328848297228,C
0.8474137324863298,0.6342350231936448,0.6590649164776518,0.6833454067480556,0.8543624997775144,B
0.219717291551071,0.7785880194211904,0.6897695168066942,0.0315655263467558,0.835557018518001,A
0.35072677938427055,0.6061580272385988,0.09845781738554682,0.3277433796542666,0.18197026345344836,A
0.8376872798003955,0.06827787853609679,0.9808890279279908,0.8140085523237341,0.631886822348179,B
0.08148248225281729,0.16118732918108203,0.5990068797810718,0.03677663071859605,0.7193420812805857,A
0.8407807446848975,0.6859254314999862,0.6400101983838367,0.4415787502475329,0.09840423702880874,A
0.1644117471049511,0.5392449478057828,0.5637131032577427,0.7234720824401659,0.8616533287567504,B
0.6506205112769693,0.5123983790802644,0.647668846723702,0.3326782391574262,0.7624291191696213,A
0.2541076706984605,0.8196534988626094,0.7849382370626546,0.6338729562818833,0.1557935929788533,B
0.3621256108007216,0.4236775507333884,0.9457425383797199,0.9544606653376638,0.26447871159526193,B
0.2751184650607438,0.1041945348395169,0.6926477610517336,0.2408290430227521,0.17012527900119,A
0.7074323103503057,0.05227528787877589,0.05069072447610523,0.5279650695532724,0.7039377523331124,C
0.8255581838775621,0.06308828826516288,0.2936146428596854,0.2037557111195486,0.43525264952671094,B
0.19321225073596016,0.727707590493994,0.4903475994815477,0.24023655168423919,0.7803421964425966,C
0.22940688218068028,0.21758388087167546,0.21533671402776744,0.9872847013543067,0.26564589908006275,B
0.22524876918090486,0.7467614644571896,0.20000109460030313,0.00011666763787065992,0.8182184764305178,B
0.5562216982814338,0.5301002530551305,0.4530390412787809,0.5970316489276517,0.6558317566412611,A
0.9874797326400477,0.0004266333575733139,0.1867058957714397,0.4761880364960658,0.7485021186662427,C
0.5596413552506406,0.939127702357763,0.48582256732675266,0.437831614900955,0.31566145564069803,B
0.09265598125508989,0.1280550973937996,0.45211888291317837,0.2567080497482904,0.7714637763689928,B
0.9222900572429319,0.5779971453018335,0.6894120607069529,0.8349954090451082,0.864363245553715,C
0.8976109874614486,0.045908090991435,0.23280574726375902,0.3991018981488801,0.7796306143456152,C
0.6669685399241614,0.9871705446070935,0.7657848455558746,0.1801269748951263,0.6289659123824223,B
0.7127907406541928,0.2635455649810342,0.8148885060111288,0.7785777302860858,0.9116983091440922,B
0.02632245681707479,0.8661711688535755,0.019229620550811677,0.8643088851021108,0.30817252567233466,A
0.04830547912723182,0.6329296412613017,0.4904854649827344,0.9056697351635199,0.3388439058153455,C
0.9140595501436014,0.06337262245738151,0.27265115787156113,0.881270696859964,0.43692259307474224,B
0.4341864523828217,0.09565027451748653,0.19701333404560706,0.09757124096321979,0.6795507068691871,A
0.26327036093396783,0.9613761068719526,0.17227118509014905,0.38838223452620635,0.0867177479757415,C
0.7553175349234466,0.49437319715710326,0.673309903780539,0.848504427526999,0.49330084869371593,B
0.19561743870853177,0.7407747275021105,0.7693813178662402,0.011045778514661486,0.2163148721266943,B
0.9970004662556413,0.33374542981851485,0.9052302153887362,0.106371205108861,0.4440811628439365,B
0.6814443948995645,0.9290895205107592,0.6608031225244487,0.3998651399798657,0.6987205373978141,C
0.1450201330323858,0.24597147014781384,0.6500984978549531,0.797153711130134,0.8664775877242954,A
0.09129282970429264,0.3548643406990283,0.31185848361942337,0.5937171728018741,0.9968353035862814,B
0.417640881974369,0.02929233855844693,0.9174921450615265,0.15101252455302894,0.6697985940954906,A
0.26201810789416635,0.0659860445766488,0.8898085114282674,0.7312397611993131,0.005651641085575143,A
0.3875638229170353,0.11884499223635969,0.653589445705103,0.3667698836060521,0.7216199122802914,B
0.6281635302615042,0.8390921493942294,0.7182370435560216,0.6808185017290224,0.04149239498575297,C
0.6427601019483173,0.8816429115532015,0.14230706016519112,0.7487375116377448,0.9926262989075693,B
0.032902418782850384,0.5428034239206503,0.15535367860357208,0.14108311280396535,0.49163644597721856,A
0.39809826068407794,0.8838472707416061,0.5809265360363028,0.5647869718035119,0.3370292330836794,A
0.472947298092512,0.5254310123218906,0.8349402248266469,0.3681388753348953,0.8204948000665828,B
0.6201155334493409,0.12651582595279087,0.5338636869092843,0.7416371707633566,0.2683261746205887,C
0.14437155499567456,0.699771980401547,0.9088102293713167,0.9793981390736959,0.020471597390681495,A
0.333844914572641,0.9957043843713649,0.08601117727542784,0.36428840191670164,0.899395152492495,B
0.6423881718163176,0.7336352214119375,0.7003724618601741,0.05479211100143466,0.06126811338017446,B
0.06452112615798533,0.47764113906577577,0.03945713980265986,0.9916922437447167,0.2430765454851631,C
0.8556749228801317,0.6898274164382346,0.45103998054427674,0.5448776931803866,0.4020793242913361,C
0.9236883342749811,0.7473353899909057,0.30970384881949065,0.22220768449040873,0.640519583013631,A
0.8314550194211673,0.7289876210918399,0.8837142025062575,0.4735542698657469,0.6584574834958474,B
0.7712715537818506,0.35933023456124624,0.14566481172886525,0.22207123719425081,0.1637907072893926,B
0.060283314620173445,0.6509048840257716,0.8898170487256342,0.5629979184215154,0.25563324237548124,C
0.4487753000110932,0.8205121214480242,0.989156979369135,0.7960544529499847,0.902532696124618,B
0.4121703896772374,0.48524755356834226,0.684585033213928,0.7715723606602851,0.31783974728822084,C
0.3789144684479254,0.04705036656993211,0.009424352320078433,0.2369499679374456,0.17839110461434404,A
0.7074381719193908,0.52312087619252,0.10691617325105063,0.8569259179928436,0.24021096196489733,C
0.6594770637340182,0.9329307645939998,0.7377316590855866,0.8925870001855458,0.6972323113512009,C
0.5662559961443442,0.8018927543475994,0.9258235734312003,0.2007817389858212,0.668569275082786,C
0.07549871203800596,0.9406044347268319,0.7907637787850357,0.9876536293770445,0.23199850552325507,B
0.3170913955068261,0.6772314575866702,0.43651359346081153,0.464283031147236,0.43924840837754553,C
0.7763597564594413,0.034511538911092376,0.0508140584436797,0.02825668916897861,0.6433577713585822,C
0.11837248747595863,0.8722509413015511,0.28190871197594414,0.5573656261963669,0.20684160614804603,B
0.5276629080354162,0.4754924618323153,0.41110019063456005,0.5353847741433451,0.2562658775153609,A
0.07897803851649576,0.6275355781431834,0.9888317489574084,0.34824772362463186,0.6963590695050117,C
0.47683612648550744,0.9244487926990215,0.4765845119531368,0.9260988483068064,0.7778405590555257,C
0.29208630382248224,0.6757618941830066,0.4015943844809675,0.6020552478660609,0.13572014078122474,C
0.5328202265825606,0.49664292131091503,0.6875283109817453,0.9210219113481728,0.7796168524141798,B
0.9683265131629776,0.6895348081904992,0.3106729796426262,0.43485884756030635,0.8753560451540681,A
0.9065978404132307,0.35104499185708793,0.6929088843431604,0.70094668481863,0.2893512805215809,A
0.9788298812889528,0.15144047860136978,0.21453623612642858,0.12456519059953175,0.6371968911470721,C
0.29597036977067226,0.23038256429185655,0.8264451263740121,0.14726019374156496,0.1576402069740499,A
0.297402980593379,0.14439629432612422,0.2600688498865982,0.13320575901038056,0.5072473811911706,A
0.2520970752438655,0.8809802719413894,0.8204045274317592,0.3511162096207121,0.5826134541999615,C
0.2498865720466349,0.3008385542082377,0.13592654006480476,0.2601725036079737,0.21210799383980938,B
0.42804700156858566,0.16020385399135695,0.35964655688815117,0.9429249431373605,0.5741687621556807,A
0.7350160053946613,0.7383659126869437,0.19972858380590075,0.6354575432430123,0.457444902275717,A
0.5941790877598236,0.24241595062501442,0.6978062455246735,0.3999338633982098,0.6876262096456209,A
0.4371950285335444,0.21899563336722683,0.10902353102470363,0.8306873949451364,0.3576898180165713,C
0.05148450061474974,0.8028740351681596,0.27953230469972745,0.018019891624308948,0.2201005173578463,C
0.9863926660906137,0.6736728322601939,0.9278885467708329,0.06205310817949239,0.352746643571486,B
0.2876359750717221,0.40949668186152943,0.7298087879637875,0.4968177867040172,0.5615683191986592,B
0.03578412979326262,0.6584781715179446,0.9000372353387229,0.7803529717297244,0.7046132112720409,A
0.7312561941734342,0.8418162319577136,0.17412758762398772,0.8974429202898035,0.07340164793763582,C
0.3059626749609482,0.5174405724465552,0.9853606658716335,0.9636697808869514,0.9823176025631408,A
0.0005223425391766012,0.5592392262814945,0.6614917960075115,0.876062058550625,0.8530658618519968,B
0.055443211351979604,0.9465155119862027,0.5925764233678233,0.38647521851849764,0.4883667961466036,C
0.3230798205470171,0.6461652575856226,0.40810025948463313,0.5843428774305299,0.43917986358792604,C
0.02133965913347824,0.003909414872296568,0.8883731626107251,0.274251100705903,0.27090440411097794,A
0.7022838861217053,0.9108439849320755,0.12807601447005834,0.35560483213874305,0.5834929569216745,B
0.32864304669851696,0.49823220081672825,0.4956486887591627,0.23126460606468857,0.7990065857445371,C
0.5420690870876668,0.9040769389729023,0.5127222586331973,0.7008401234128578,0.8042588323188274,A
0.40077282555268534,0.08806191873518043,0.8827634032776746,0.17464570314780103,0.19586900382769246,A
0.029160372519867694,0.44230646293036824,0.09085682574024578,0.5083401101829556,0.7432219010555509,C
0.06104824156343802,0.7002965130969295,0.021901310900452664,0.6080176593200848,0.10112727281749578,A
0.649724253695358,0.6402440620519838,0.036524190302727466,0.25340564025425605,0.4106475301509612,A
0.8645590774647696,0.3212895796217986,0.15651142531812323,0.8556967896472066,0.18104440818317968,B
0.4260545376764997,0.0037820253397284898,0.3865374878823038,0.11370816081290025,0.8638067791678967,C
0.20022234041328035,0.36593125587357644,0.012816958785098365,0.18831516727394648,0.8226832326340114,B
0.18688396301698784,0.5549672698966026,0.5907523711636251,0.6153163820558568,0.8288424158652529,B
0.7328347712002543,0.10322109144455005,0.8164352291027762,0.38050320334861654,0.6458814581283056,A
0.15523015252832995,0.16445707834257794,0.8460196402587298,0.10973821704208819,0.5502100386836619,C
0.2575850611299426,0.6590807949498833,0.585478096792961,0.8466771630585367,0.04322122146661256,A
0.8891547167947549,0.45882520831276086,0.06154206671870066,0.8840907090747596,0.11225209136099179,A
0.13262311704511942,0.3220648454473518,0.9461799267268823,0.3777986263188745,0.5953559748708291,C
0.4704244920558487,0.14048818934093854,0.2631975360208456,0.6879931657790487,0.4850421082014067,A
0.9669976936064013,0.18494513711099503,0.03483237120543514,0.07288476953815481,0.061142459793586235,A
0.17283524450545606,0.22765295237887662,0.4105575047225264,0.062087229074544115,0.48904842878612287,C
0.09196370950345367,0.38083836669962823,0.17457229209373804,0.2533713342278755,0.23541055760900698,C
0.4523751756958321,0.8151781788911623,0.3945658774974774,0.2382791466389188,0.8946800366277626,B
0.08776982051977256,0.6367796489101959,0.4409275471185863,0.3135050645476771,0.5855128924958213,B
0.7083603141115749,0.9807607677462,0.15475839373900147,0.8304198933367558,0.20077415864003045,A
0.6893633201359991,0.017789788257390637,0.6594479228204305,0.10539717392663162,0.5927259114741501,C
0.0982612615483498,0.42002856187254234,0.6808843225485244,0.3682417827845236,0.2805417684540007,C
0.07536340876618386,0.05928411011919832,0.40330410817946005,0.14786219382614174,0.6540431487253677,C
0.32025730490651017,0.9342082611424296,0.04363126394415773,0.5600553506062736,0.6607068299666061,B
0.7011631147051287,0.5327796539051852,0.6973353024761431,0.11642844231938143,0.6789562246114089,A
0.006494785240015344,0.3648961361152764,0.14542190448031178,0.4364900543142253,0.9741908597561684,B
0.15064203900026762,0.8118096706952364,0.3697256924124007,0.04144425853913947,0.3606718817705712,C
0.9510141626666395,0.7771648862513886,0.23991497181155397,0.6537761742544066,0.154562909327279,A
0.4569257869829314,0.5585420217159456,0.47608153603515946,0.7488060588993898,0.10060831918494095,B
0.3431680161279491,0.6962582027726247,0.16346688872857607,0.48777027756181324,0.3863823586972801,A
0.16544215538202,0.6370828972577491,0.7401634919548041,0.9891061410263486,0.4922706856543281,B
0.8630921995753408,0.5126378586706631,0.578918610101697,0.8333252217039105,0.008948481932592234,C
0.9117050716235621,0.685045494823778,0.5498582116331234,0.56223209938482,0.2901647435576654,C
0.38916254273427797,0.8378679800474462,0.24960571607701165,0.6036768451540696,0.8201129591963707,A
0.11940767850424006,0.9088864726166905,0.008649224075138573,0.6950676775259442,0.7953672282476394,C
0.6884644892624499,0.8192912134982729,0.8515156326632841,0.9792551594448795,0.4359751282421568,B
0.21809232382413513,0.8364662714634477,0.9096850272451338,0.7854630167158,0.033700670756678264,C
0.38165665264315585,0.6741338925392153,0.9787564622401719,0.43555879928716446,0.9863187466153047,C
0.5345789094165488,0.9848928658361772,0.17031096153767367,0.7928884973906605,0.6181372368578543,B
0.0079769051435441,0.21966913771119934,0.6179333160417322,0.7548180119333726,0.0567436571585036,A
0.8262674889374599,0.9570105379963931,0.6409151799089515,0.2720513317878691,0.291873297535166,C
0.5721483816138699,0.39727437377865193,0.2711229800111016,0.17232433233867916,0.8978870982675994,C
0.4857408545436793,0.395508679218596,0.96215072732545,0.5673256701477031,0.7671416835619941,B
0.15913685212500162,0.4709639958235172,0.8061945044763696,0.07195581000052653,0.9514327384711753,B
0.40096111005519575,0.47666873625948736,0.30455209657901305,0.6148255718038687,0.561965797088108,B
0.5316014075715078,0.4285286555037031,0.8928034814453151,0.9250228036382093,0.8913091446071396,C
0.9157673766920122,0.6951000451620423,0.3732331853545192,0.16385516068797767,0.21896421827176127,A
0.8768819019866307,0.6194173469613897,0.3462682906153901,0.32358820815716693,0.9852311375975243,A
0.4944981463986299,0.024839055496385543,0.4082352350418703,0.009891876272331124,0.17945106376394238,C
0.4508356153294454,0.0987545342044609,0.8352246287785815,0.4088681324557455,0.8440850306341194,A
0.9581989567891226,0.06781220136238664,0.37782746593414507,0.3933899834622159,0.7789812470679808,B
0.21622938832050687,0.18810583129842406,0.4935434508039601,0.21937450762378197,0.5751505400853169,B
0.20168615352552965,0.871680263655527,0.04488534224537655,0.4956460446173966,0.25909956826308334,B
0.30999294396862276,0.9252365367472702,0.5874466183250329,0.4547083572478865,0.18438968650009702,B
0.3154096318168549,0.7740981722755853,0.1341494662347713,0.3203104117452179,0.8066434481586144,C
0.7302546978514797,0.5247071899975747,0.5428975465170852,0.32265798897492015,0.12557104441472478,A
0.20970620309636434,0.6663755158354062,0.3748824180161202,0.5262780986319515,0.15633638128645944,B
0.14728826240209603,0.37152662617099097,0.9051723635385714,0.5441368909630768,0.40898195885007727,B
0.08169822682423467,0.8908162096469877,0.3363675403049067,0.49607663462709994,0.9964694758785834,C
0.026503722375893712,0.5840438717839811,0.5310422836605444,0.3958312386626316,0.3550756507786278,A
0.8182513676459989,0.17093672179678643,0.7441800322282669,0.9878104414734042,0.7181934878634363,B
0.31460332736494656,0.07368169527737267,0.9517374797814427,0.20943145399062268,0.8605955948430645,A
0.9499297956845897,0.030077723462226924,0.1202460229429082,0.22371794724664873,0.5766589506293698,C
0.790903410782429,0.19650783146271733,0.10345149621766714,0.3487587365480328,0.18967339768280767,C
0.05864846470034413,0.9375991649470756,0.1441027387436612,0.9772815938646483,0.1427353951382957,A
0.8391031509137302,0.18168413244359627,0.7707334882736884,0.1108795944858445,0.5568189500818259,B
0.3736225567096112,0.957968791587848,0.112364546961643,0.6706352104551472,0.40792555837082367,A
0.4333301596596245,0.8716928659884806,0.20146796815110246,0.6239724393008268,0.5141251022102388,A
0.36655801099943097,0.06327893044235722,0.07875460116836686,0.10473330794756797,0.9113175425808824,B
0.642872117006685,0.4251296609433084,0.5444555269598281,0.6135508406861108,0.4575772854141502,B
0.10147797576653894,0.4768688509937329,0.533318704661795,0.11314017914704677,0.24721076584925272,B
0.14580662740664596,0.32245519269324485,0.19995376651874797,0.9040777564181787,0.032192407955122126,B
0.1090945265141694,0.2162956888667884,0.3720434710214441,0.7507565944710951,0.7867498013037738,A
0.0820971002179226,0.7445353559453568,0.2647733858645267,0.3644530048460515,0.4735999816244275,C
0.4567125486168482,0.5834604192310732,0.2631222325162329,0.4740923614702234,0.08655631223980642,B
0.47884968163744246,0.744965791314051,0.2420468855766552,0.2727792022521527,0.7848369716121865,B
0.9394622201031695,0.7516767780399888,0.3126934750168905,0.8508993244449778,0.6584905902294911,C
0.446468585512378,0.5779947655784085,0.9343096701184448,0.8154421640578451,0.7953697336282423,B
0.6405346901201101,0.9151615733594659,0.5081936621663189,0.11898903395419791,0.029506748905916647,B
0.986273831487519,0.7965030641166224,0.1683741362634713,0.08083643914414185,0.7497982553736795,B
0.7490165373405809,0.6391374693490133,0.9861101115607732,0.9407650336167329,0.8310176336268064,B
0.43262572530889976,0.5117337709943649,0.23873183315701574,0.1802173704286757,0.35447502288945565,B
0.6224842693925692,0.5781715031185279,0.4182976134911768,0.4507277355945858,0.8271660836120996,B
0.6343215186622666,0.9365287927599893,0.8313311710278001,0.7801123103936465,0.9724695768645091,B
0.870154049035838,0.8097039645004859,0.8342804898031708,0.4925155816222623,0.32693418313183864,A
0.37700643093055985,0.2636595772522531,0.5516451036688518,0.6615874103595939,0.46281744204548125,A
0.967229012937591,0.05996188357906662,0.5836993627007337,0.5985192718061156,0.9898439083808963,A
0.6866491410265528,0.398291738968644,0.6790733576304412,0.7068460987037708,0.019164774331650092,C
0.98246235315669,0.30145456343919275,0.7807165859600685,0.22561628505793796,0.25582428983236927,C
0.7705216396305926,0.7025773439386676,0.9917268591874512,0.9768196633331261,0.21471441756433862,A
0.4000231499573139,0.9583758729902137,0.6109648576864954,0.850463178031578,0.26136110684554215,C
0.04774257224634526,0.1198713998910611,0.38623912264393334,0.36381319831100345,0.7348146676921457,C
0.7987487645671922,0.6534921002296716,0.9818841849837056,0.8365910630289509,0.1746043323158959,B
0.5660187503834834,0.9588967616927654,0.46669157131431127,0.7810980839983807,0.38854028472621704,C
0.182961223583343,0.04225379508882643,0.03016147250173029,0.21136636371619466,0.8866103526461455,B
0.3157478039452124,0.8548296885353995,0.5268042816546002,0.4531028050785707,0.10679560298703383,C
0.752028236639108,0.16242008715957423,0.13309007697473152,0.20862581725075524,0.22962653315304926,A
0.0820713398805123,0.49818872702814565,0.02486109888078669,0.6757564203346494,0.8191577779370665,C
0.1140352382404276,0.7274799111730941,0.5236500746029389,0.9948977950302612,0.9677125386467775,C
0.6056034730393729,0.2820458705906037,0.07715402602469246,0.011775996018032031,0.663021383447896,C
0.103819250293673,0.9744788537798954,0.3327627998192143,0.9572127594200295,0.8226437102964734,B
0.32026118048326335,0.919508823606134,0.517032133188552,0.8706086127734448,0.6659043908269153,A
0.8995587833321325,0.27151300932047984,0.7331297109794711,0.5634586478823205,0.4706456092290111,B
0.8931992643063008,0.6945620628296414,0.7070168844918854,0.6039910724312909,0.4311512150928628,A
0.8960487312210162,0.6428411061036379,0.23300757076262046,0.22648198052362045,0.5990518264597626,C
0.8191600247013157,0.6645392292465704,0.4642212783264176,0.6311637566355348,0.8984751130319015,A
0.7601196275900004,0.20207641478273675,0.7618393191508656,0.2769492696732486,0.4404490620774746,A
0.01822310222778456,0.2801239734674611,0.14059838251784829,0.33303392339550075,0.22587433787989586,B
0.04494674695987877,0.6510631795315953,0.7603237892086878,0.05098791166002192,0.4170793589192703,C
0.2730793397364527,0.896325897311807,0.47540347886094436,0.9862811136596165,0.3091786024702661,B
0.7909659087432608,0.48298348933290847,0.07838538431955466,0.9843330338459799,0.2189662143679415,A
0.6669933198652097,0.2868178200116004,0.32205989992283723,0.31474353155384815,0.6267209622198051,B
0.94139691739666,0.2600933326746089,0.8494029672772422,0.3408841929393902,0.7485232817472084,B
0.45148591234035407,0.06485339145941416,0.7826303853519865,0.4162096932806799,0.021887929660779126,C
0.20801094808778264,0.1425894821565199,0.766014028426567,0.20331761692178685,0.6243763504465121,C
0.3087646207434017,0.7484883069698249,0.258198197351149,0.352771278128184,0.7369385538899972,B
0.6287516981140145,0.16241557215824487,0.5062466575338523,0.4939693200221519,0.09636014285909711,C
0.8829020949127157,0.6055286107455384,0.5462683661694843,0.009584835725010121,0.05797957782384733,C
0.26371057040513135,0.4517844813671713,0.5718922602065521,0.5197356697608745,0.38219538554284915,C
0.6297520592699499,0.036816421029637336,0.35179834021672596,0.36281386780199,0.2997013422187912,A
0.03324587902706477,0.4716393051474995,0.14582438421846522,0.6707951022887277,0.5928189390542568,A
0.6166111043318794,0.2557819238339111,0.5364752655961647,0.5746929198097795,0.5605666025832933,C
0.683124309893016,0.40857822706004043,0.41303632222370634,0.17251860457399593,0.1638612715262161,A
0.8063034078967146,0.33043103624633374,0.7509110366306926,0.24088879183049816,0.40502392762200734,A
0.2105434466154451,0.682738534109166,0.926659470929094,0.7595113078541949,0.10784246728314417,C
0.5994741710020703,0.18723484400332524,0.9062506706441039,0.05293566896607327,0.530705658588112,C
0.7175659408176552,0.45506378914296863,0.24853082516127634,0.7710395304699242,0.849811807267477,A
0.38846077730941087,0.028815483866160285,0.3538184289401374,0.7925075770817249,0.35597333902571826,B
0.0836921727144746,0.34151959568025936,0.3501712676976486,0.46287186005164227,0.033793827534790766,B
0.21356607103648195,0.5831447107890757,0.5961774059146758,0.025997974448668026,0.4052008185814088,A
0.47416705647830837,0.46532213187829885,0.16777796281137403,0.19207061578816398,0.42430918349755853,B
0.335587252225076,0.6549848833687378,0.4864831845237969,0.7571983048699683,0.6859597556577653,A
0.8247445216612213,0.8987794049287835,0.05772548781386533,0.36959286315175344,0.28317807465513367,B
0.055676629035124936,0.8693149481620344,0.4968493053071259,0.33858768316217225,0.41875913605974613,B
0.09128332968071173,0.8457664596754795,0.6934674516005257,0.8866730937069679,0.6554335961060352,B
0.9710981966510434,0.2717430816403116,0.02639869217197366,0.4216388623689564,0.4226514041345041,C
0.5492245391066943,0.7422730774383128,0.3765597968833069,0.05995233103203812,0.5408948938006637,A
0.8161092530345867,0.9032264290048853,0.24552814121468847,0.45543843808948703,0.19863743139676338,B
0.5619811309725932,0.6531742529494357,0.8166761336783146,0.2898710687707302,0.5375455872923666,B
0.08814003635347123,0.6598187187092357,0.27266377350188564,0.6375383857089549,0.47751089232085275,A
0.5909460155269122,0.6142787465012033,0.6960178046246127,0.07531066522314644,0.34852124235638904,B
0.5210005779513729,0.7361716347046937,0.9801685826540801,0.8048912660789733,0.8362294370919342,C
0.8057249497777439,0.3859246246920731,0.30193775446741944,0.7641405812791515,0.33552755213092555,B
0.04500293596868121,0.3657700259574651,0.06150009753782637,0.6843163061720202,0.6506977812908306,B
0.29613036901307255,0.22185740297023215,0.5738175543686515,0.7335755756544577,0.9085732078911205,A
0.6380619961124551,0.8006489951731101,0.8012143230116482,0.29191852202890756,0.9801770116121005,A
0.7477300387901404,0.3261367758007512,0.936606853975218,0.2902682580700623,0.3717817508326502,C
0.5866214926350302,0.1700029532939623,0.8063035443475751,0.41058179465684386,0.4969956494834894,C
0.7922290806036509,0.10253665270788126,0.8531139154493144,0.2955422395834094,0.8305515025016271,A
0.328109195744398,0.942090718813262,0.930700990575468,0.6031011482163768,0.8142881914786125,A
0.06879333025265555,0.371639246468911,0.5379077152244582,0.44817896415828773,0.28194862107644425,A
0.4858780856563596,0.3288394419312983,0.605069964494076,0.5304504810076681,0.25736008833602464,A
0.7481923244316186,0.25672480967336997,0.33718979499940227,0.6401863196457264,0.3010021818252434,C
0.9923380742152783,0.7519399535978961,0.8207477235873667,0.15496951718742225,0.4302219964364522,B
0.15106106488849458,0.6427563122995809,0.39925972397142906,0.002035600318403885,0.3701536970323177,A
0.49673477573432867,0.09244996743402956,0.08327961396116879,0.5722354784452031,0.02082471014201448,B
0.6313931638942348,0.036690992353791474,0.39006418377289864,0.23818361702376212,0.9182692678775922,B
0.16016647986349986,0.3276234068953201,0.6817879505044315,0.7637145855739406,0.30885243404430496,B
0.29757892162256716,0.9058545872854823,0.46413305388806925,0.7112234078681681,0.6434940032158616,A
0.3227272133557495,0.4252679828309812,0.23413682652388323,0.7267397799355053,0.4787521898556274,B
0.3312673857724484,0.442234318387825,0.5389679930818106,0.9841161175236672,0.19030673988601376,B
0.14906574834423203,0.5178621229616408,0.16366657102747173,0.6405051664959499,0.16933138434888317,C
0.6303227796775418,0.37704721951920117,0.581340942120439,0.006242596578306503,0.43230399481212467,B
0.681920094108934,0.8857978690437283,0.9847176220723421,0.6799998875646465,0.7025390740854035,C
0.6078431872877353,0.3202769063295213,0.9118249308862189,0.5208503664927455,0.8175954902742678,A
0.9890351839827333,0.9804504163790454,0.05475338894213022,0.19834596132719673,0.6982791987678117,A
0.5695182673245653,0.991793634836178,0.7368551051937188,0.7731161387997537,0.3974464374118408,B
0.4024087754996235,0.8506183578280468,0.2291197763911712,0.7518835598164102,0.29905584583892375,C
0.6641718447346682,0.15502818202650204,0.3593690610211724,0.7937557718561169,0.6344923426098263,C
0.4996214289040344,0.5710115815648382,0.48812592014571676,0.7873070858084312,0.0921918391934412,A
0.009143948513780087,0.7350447545561188,0.24709555988319054,0.45372652652703815,0.26486477135109865,B
0.1641374534172726,0.7647186887749038,0.019253737935387427,0.4522599598793705,0.10195919139263443,A
0.5167251424840048,0.3561603444017081,0.7883534100979764,0.8387414489685149,0.9915965918998578,C
0.03598289980400393,0.009042101223048937,0.43847630908063384,0.1206421332299159,0.8653388431700326,A
0.3242014563315363,0.7493803469240419,0.2534964450982139,0.5722429493075674,0.1858050153481744,C
0.1135042379135025,0.0803133255129882,0.04312952131657832,0.7991261331954547,0.6992062894004316,C
0.638622842442706,0.014555440478564274,0.9470055661196147,0.7761480652708386,0.051783164374444635,A
0.5038501832834942,0.29791045012935,0.30592862842604174,0.2703115940156159,0.18208065959558806,B
0.4477937000432337,0.11574897425161113,0.9739181306146732,0.08329318301072108,0.7114815788426173,A
0.2518057503471872,0.013354313790162164,0.3846525596487008,0.8990259816786802,0.8950473890505566,A
0.9732221736346072,0.2062597469955436,0.1127970319320768,0.20120184087552972,0.6468063138924701,C
0.8305693868290408,0.5895542293528986,0.7611390310620382,0.9497478518694812,0.4669338934798193,C
0.22239033547490372,0.02592147119530397,0.6806811159481064,0.8653728117885023,0.12159834760846899,B
0.660693220308224,0.6726637443327051,0.6152346730396602,0.6458034163014691,0.6472473776877217,B
0.5985604027566483,0.3107366071920996,0.47471737127859603,0.6262436852859005,0.9151092257656263,A
0.7497988440859458,0.5105710372132145,0.4919428263752622,0.31008239002420523,0.32055281194279783,A
0.4908912032905953,0.5198326807102613,0.8563030356308987,0.28130983526091013,0.0430254489592099,B
0.9411894489654439,0.49829695097486326,0.011199047669997797,0.9245705599370402,0.7293042001172975,C
0.461729673087639,0.012801821520883716,0.29421270017872336,0.9345904302633528,0.5595785143467429,B
0.03803286887659385,0.664320478031067,0.08372091423452133,0.25516813093596313,0.7626014035800136,C
0.5129729399332765,0.7909991809602814,0.2693064761767222,0.6515946240339628,0.03137672840335726,B
0.5403662707983804,0.9939814411417016,0.9655503881458599,0.2541101006615831,0.21038473948646264,C
0.6086447391682334,0.8507668671438573,0.26771564032361095,0.543976853144323,0.07656542535767785,B
0.06849572461530762,0.2981666542608804,0.576786881175837,0.8147581419696296,0.43869431462858277,A
0.7907563782320168,0.27436904265225004,0.8661226197182709,0.18294518835127627,0.48903438165601976,A
0.8028285812431623,0.6385889202354994,0.1693946652691537,0.33761734931530374,0.12558355722910186,C
0.7883414830704252,0.8141369192887582,0.7709635373147459,0.05205038630469472,0.9199184252938825,C
0.7148684763063757,0.6220668665793545,0.3053848925971797,0.8895839334800117,0.40336959550586704,C
0.5955053212984186,0.7287583933234568,0.9005914225453027,0.2671661500811233,0.4476547468869383,B
0.07377507314763088,0.5117949836542566,0.2845997305533857,0.2791121394616788,0.8586923476796345,C
0.9846140419585733,0.33638922223049184,0.26897854826163203,0.7807016378131763,0.4922929091804479,C
0.5552476995783302,0.8722311037629541,0.3798664044484191,0.15344837180705484,0.2538089895072899,C
0.6262591692823398,0.6544891923624641,0.7801913465331675,0.9777838191464224,0.5060116041538334,C
0.9315184871770956,0.6766372784377235,0.47917617572144844,0.41364576623584837,0.7348855495125444,B
0.7144714843254031,0.5342133915176733,0.26964487500855394,0.8840537159067249,0.8042556323429193,C
0.5429293441244635,0.9286622623701376,0.33896654258616055,0.05701437418820732,0.08352842808657801,B
0.6877239484153059,0.31706345005712644,0.49588955311984473,0.003723090168127552,0.6099993870919919,C
0.04823900604744902,0.33278847883773666,0.6473661994733512,0.4480366810315932,0.9081508703703273,A
0.9259641040052726,0.5968184263666086,0.2524377061181351,0.17168138271396227,0.5835804495582254,C
0.3704189666209744,0.3490497321260593,0.20568924848010817,0.27881072305815224,0.09626350038070741,C
0.6832329543593348,0.9531186779142469,0.6603084338521644,0.6578408001017835,0.6084751688023563,A
0.5604004466070146,0.28453383550652034,0.6526476123378077,0.6309802812136588,0.23677039501973784,A
0.19277122952656578,0.7904131230503295,0.8853953937963426,0.5039327100595814,0.8886319278446482,A
0.4795467028635293,0.5031499258174436,0.43605789822022323,0.025124639621371236,0.22430473615886815,C
0.2102440214989827,0.6134252132194228,0.8965563766619188,0.5237724543558592,0.8285254229713805,B
0.9721823632538207,0.3483246425408254,0.7035083157013663,0.6724064733836169,0.24908930055099765,B
0.09622684848760832,0.7760912546073528,0.7735742772022939,0.05306776249409517,0.13358051389606285,A
0.060702777542428143,0.4576154796484645,0.16848816513484077,0.4785532907702199,0.5790917006145704,B
0.19776849508916527,0.2521807827073431,0.9470724413776715,0.9895976901398481,0.07953132857090284,C
0.7233770607397699,0.9827055739550836,0.7248579604285454,0.4586827018266212,0.0005478511618843829,C
0.3122420481043059,0.21775088411359655,0.8821963422331316,0.645239970274683,0.7731052768116281,C
0.36675473018509375,0.5472997003923696,0.19394475576915093,0.8186900830162417,0.36594450892257646,A
